199,58,1,,,FALSE
507,863,1,,,FALSE
507,365,1,,,FALSE
507,412,1,,,FALSE
198,314,1,,,FALSE
344,633,1,,,FALSE
344,23,1,,,FALSE
344,311,1,,,FALSE
344,733,1,,,FALSE
344,615,1,,,FALSE
344,470,1,,,FALSE
344,769,1,,,FALSE
344,403,1,,,FALSE
344,838,1,,,FALSE
344,1018,1,,,FALSE
344,433,1,,,FALSE
344,820,1,,,FALSE
345,605,1,,,FALSE
345,740,1,,,FALSE
345,945,1,,,FALSE
345,339,1,,,FALSE
345,600,1,,,FALSE
345,597,1,,,FALSE
345,741,1,,,FALSE
345,599,1,,,FALSE
345,572,1,,,FALSE
345,311,1,,,FALSE
345,316,1,,,FALSE
345,575,1,,,FALSE
345,574,1,,,FALSE
345,714,1,,,FALSE
345,238,1,,,FALSE
345,398,1,,,FALSE
345,670,1,,,FALSE
345,484,1,,,FALSE
345,1054,1,,,FALSE
345,837,1,,,FALSE
345,951,1,,,FALSE
345,838,1,,,FALSE
345,927,1,,,FALSE
345,355,1,,,FALSE
345,403,1,,,FALSE
345,521,1,,,FALSE
345,369,1,,,FALSE
345,914,1,,,FALSE
345,423,1,,,FALSE
345,822,1,,,FALSE
345,529,1,,,FALSE
345,715,1,,,FALSE
345,619,1,,,FALSE
345,756,1,,,FALSE
345,754,1,,,FALSE
345,717,1,,,FALSE
345,464,1,,,FALSE
345,441,1,,,FALSE
345,523,1,,,FALSE
345,564,1,,,FALSE
345,662,1,,,FALSE
345,511,1,,,FALSE
345,598,1,,,FALSE
345,101,1,,,FALSE
345,548,1,,,FALSE
345,481,1,,,FALSE
345,11,1,,,FALSE
345,10,1,,,FALSE
345,782,1,,,FALSE
345,1049,1,,,FALSE
345,30,1,,,FALSE
345,706,1,,,FALSE
345,940,1,,,FALSE
345,357,1,,,FALSE
345,470,1,,,FALSE
345,721,1,,,FALSE
345,410,1,,,FALSE
345,1000,1,,,FALSE
345,530,1,,,FALSE
345,371,1,,,FALSE
345,873,1,,,FALSE
345,435,1,,,FALSE
345,433,1,,,FALSE
345,516,1,,,FALSE
346,601,1,,,FALSE
346,156,1,,,FALSE
346,980,1,,,FALSE
346,761,1,,,FALSE
346,574,1,,,FALSE
346,970,1,,,FALSE
346,84,1,,,FALSE
346,692,1,,,FALSE
346,855,1,,,FALSE
346,794,1,,,FALSE
346,428,1,,,FALSE
346,877,1,,,FALSE
346,525,1,,,FALSE
346,526,1,,,FALSE
346,347,1,,,FALSE
346,919,1,,,FALSE
346,914,1,,,FALSE
346,207,1,,,FALSE
346,897,1,,,FALSE
346,488,1,,,FALSE
346,1020,1,,,FALSE
346,58,1,,,FALSE
346,879,1,,,FALSE
346,470,1,,,FALSE
346,808,1,,,FALSE
346,533,1,,,FALSE
346,828,1,,,FALSE
347,692,1,,,FALSE
347,121,1,,,FALSE
347,533,1,,,FALSE
347,369,1,,,FALSE
347,84,1,,,FALSE
340,11,1,,,FALSE
340,10,1,,,FALSE
340,59,1,,,FALSE
340,598,1,,,FALSE
340,952,1,,,FALSE
340,470,1,,,FALSE
340,126,1,,,FALSE
340,877,1,,,FALSE
340,793,1,,,FALSE
340,433,1,,,FALSE
340,84,1,,,FALSE
341,773,1,,,FALSE
341,311,1,,,FALSE
341,954,1,,,FALSE
341,654,1,,,FALSE
341,91,1,,,FALSE
341,433,1,,,FALSE
341,427,1,,,FALSE
342,177,1,,,FALSE
342,743,1,,,FALSE
342,1053,1,,,FALSE
342,737,1,,,FALSE
342,475,1,,,FALSE
343,10,1,,,FALSE
343,633,1,,,FALSE
343,403,1,,,FALSE
343,126,1,,,FALSE
343,256,1,,,FALSE
343,433,1,,,FALSE
810,84,1,,,FALSE
810,206,1,,,FALSE
811,623,1,,,FALSE
811,10,1,,,FALSE
811,997,1,,,FALSE
811,58,1,,,FALSE
811,604,1,,,FALSE
811,302,1,,,FALSE
811,1,1,,,FALSE
811,180,1,,,FALSE
811,370,1,,,FALSE
811,176,1,,,FALSE
811,1003,1,,,FALSE
811,697,1,,,FALSE
811,143,1,,,FALSE
812,741,1,,,FALSE
812,846,1,,,FALSE
812,1008,1,,,FALSE
812,564,1,,,FALSE
812,574,1,,,FALSE
812,733,1,,,FALSE
812,646,1,,,FALSE
812,281,1,,,FALSE
812,423,1,,,FALSE
812,372,1,,,FALSE
812,917,1,,,FALSE
812,84,1,,,FALSE
813,459,1,,,FALSE
813,237,1,,,FALSE
813,888,1,,,FALSE
813,43,1,,,FALSE
813,498,1,,,FALSE
813,410,1,,,FALSE
813,124,1,,,FALSE
813,81,1,,,FALSE
814,740,1,,,FALSE
814,846,1,,,FALSE
814,1052,1,,,FALSE
814,785,1,,,FALSE
814,889,1,,,FALSE
814,1,1,,,FALSE
349,1,1,,,FALSE
349,503,1,,,FALSE
349,17,1,,,FALSE
816,58,1,,,FALSE
817,537,1,,,FALSE
817,613,1,,,FALSE
739,263,1,,,FALSE
719,846,1,,,FALSE
719,339,1,,,FALSE
719,598,1,,,FALSE
719,779,1,,,FALSE
719,272,1,,,FALSE
719,235,1,,,FALSE
718,786,1,,,FALSE
718,772,1,,,FALSE
718,461,1,,,FALSE
718,463,1,,,FALSE
718,34,1,,,FALSE
718,519,1,,,FALSE
718,614,1,,,FALSE
718,366,1,,,FALSE
718,364,1,,,FALSE
718,916,1,,,FALSE
717,11,1,,,FALSE
717,10,1,,,FALSE
717,59,1,,,FALSE
717,156,1,,,FALSE
717,599,1,,,FALSE
717,598,1,,,FALSE
717,615,1,,,FALSE
717,614,1,,,FALSE
717,41,1,,,FALSE
717,1,1,,,FALSE
717,61,1,,,FALSE
717,754,1,,,FALSE
717,74,1,,,FALSE
717,384,1,,,FALSE
717,126,1,,,FALSE
717,371,1,,,FALSE
717,339,1,,,FALSE
717,435,1,,,FALSE
717,390,1,,,FALSE
717,837,1,,,FALSE
716,1029,1,,,FALSE
716,965,1,,,FALSE
716,339,1,,,FALSE
715,740,1,,,FALSE
715,263,1,,,FALSE
715,782,1,,,FALSE
715,790,1,,,FALSE
715,599,1,,,FALSE
715,598,1,,,FALSE
715,1029,1,,,FALSE
715,1,1,,,FALSE
715,939,1,,,FALSE
715,726,1,,,FALSE
715,917,1,,,FALSE
715,846,1,,,FALSE
715,912,1,,,FALSE
714,832,1,,,FALSE
714,846,1,,,FALSE
714,626,1,,,FALSE
714,755,1,,,FALSE
714,727,1,,,FALSE
714,664,1,,,FALSE
714,854,1,,,FALSE
714,532,1,,,FALSE
714,915,1,,,FALSE
714,583,1,,,FALSE
713,10,1,,,FALSE
713,967,1,,,FALSE
713,971,1,,,FALSE
713,846,1,,,FALSE
713,598,1,,,FALSE
713,263,1,,,FALSE
713,1013,1,,,FALSE
713,431,1,,,FALSE
712,421,1,,,FALSE
712,727,1,,,FALSE
712,916,1,,,FALSE
712,462,1,,,FALSE
711,846,1,,,FALSE
711,966,1,,,FALSE
711,776,1,,,FALSE
711,678,1,,,FALSE
711,213,1,,,FALSE
711,782,1,,,FALSE
711,747,1,,,FALSE
711,599,1,,,FALSE
711,897,1,,,FALSE
711,316,1,,,FALSE
711,726,1,,,FALSE
711,727,1,,,FALSE
711,945,1,,,FALSE
711,390,1,,,FALSE
711,1018,1,,,FALSE
711,281,1,,,FALSE
711,926,1,,,FALSE
711,837,1,,,FALSE
710,726,1,,,FALSE
710,384,1,,,FALSE
710,756,1,,,FALSE
710,746,1,,,FALSE
710,790,1,,,FALSE
710,895,1,,,FALSE
710,1029,1,,,FALSE
710,780,1,,,FALSE
710,456,1,,,FALSE
710,1,1,,,FALSE
710,939,1,,,FALSE
710,410,1,,,FALSE
710,799,1,,,FALSE
710,520,1,,,FALSE
710,846,1,,,FALSE
710,1047,1,,,FALSE
710,792,1,,,FALSE
618,299,1,,,FALSE
915,791,1,,,FALSE
420,384,1,,,FALSE
420,470,1,,,FALSE
420,256,1,,,FALSE
420,662,1,,,FALSE
606,881,1,,,FALSE
606,963,1,,,FALSE
606,519,1,,,FALSE
606,470,1,,,FALSE
606,410,1,,,FALSE
606,430,1,,,FALSE
917,1040,1,,,FALSE
917,600,1,,,FALSE
917,564,1,,,FALSE
917,733,1,,,FALSE
917,1003,1,,,FALSE
736,560,1,,,FALSE
736,656,1,,,FALSE
736,655,1,,,FALSE
736,657,1,,,FALSE
916,786,1,,,FALSE
916,999,1,,,FALSE
916,444,1,,,FALSE
916,366,1,,,FALSE
911,1026,1,,,FALSE
911,962,1,,,FALSE
911,885,1,,,FALSE
911,849,1,,,FALSE
911,866,1,,,FALSE
911,1030,1,,,FALSE
911,34,1,,,FALSE
911,910,1,,,FALSE
619,339,1,,,FALSE
619,316,1,,,FALSE
619,822,1,,,FALSE
424,976,1,,,FALSE
424,773,1,,,FALSE
424,535,1,,,FALSE
424,655,1,,,FALSE
424,394,1,,,FALSE
424,925,1,,,FALSE
427,429,1,,,FALSE
427,925,1,,,FALSE
427,58,1,,,FALSE
427,773,1,,,FALSE
427,518,1,,,FALSE
427,475,1,,,FALSE
427,865,1,,,FALSE
427,540,1,,,FALSE
427,871,1,,,FALSE
427,574,1,,,FALSE
427,322,1,,,FALSE
427,428,1,,,FALSE
427,526,1,,,FALSE
427,394,1,,,FALSE
427,1032,1,,,FALSE
427,370,1,,,FALSE
427,167,1,,,FALSE
427,835,1,,,FALSE
427,430,1,,,FALSE
427,431,1,,,FALSE
298,21,1,,,FALSE
298,23,1,,,FALSE
299,158,1,,,FALSE
299,30,1,,,FALSE
299,1,1,,,FALSE
299,110,1,,,FALSE
299,126,1,,,FALSE
299,177,1,,,FALSE
299,820,1,,,FALSE
296,151,1,,,FALSE
296,237,1,,,FALSE
296,205,1,,,FALSE
296,256,1,,,FALSE
296,311,1,,,FALSE
296,266,1,,,FALSE
296,219,1,,,FALSE
296,255,1,,,FALSE
296,241,1,,,FALSE
296,238,1,,,FALSE
296,239,1,,,FALSE
296,228,1,,,FALSE
296,234,1,,,FALSE
296,235,1,,,FALSE
296,225,1,,,FALSE
296,224,1,,,FALSE
296,223,1,,,FALSE
296,222,1,,,FALSE
296,236,1,,,FALSE
296,240,1,,,FALSE
297,585,1,,,FALSE
297,780,1,,,FALSE
297,58,1,,,FALSE
297,580,1,,,FALSE
297,156,1,,,FALSE
297,666,1,,,FALSE
297,598,1,,,FALSE
297,838,1,,,FALSE
297,790,1,,,FALSE
297,1029,1,,,FALSE
297,575,1,,,FALSE
297,263,1,,,FALSE
297,511,1,,,FALSE
297,625,1,,,FALSE
297,130,1,,,FALSE
297,520,1,,,FALSE
297,413,1,,,FALSE
297,436,1,,,FALSE
297,502,1,,,FALSE
297,529,1,,,FALSE
297,770,1,,,FALSE
195,311,1,,,FALSE
195,43,1,,,FALSE
195,359,1,,,FALSE
295,311,1,,,FALSE
295,43,1,,,FALSE
295,359,1,,,FALSE
292,1,1,,,FALSE
292,10,1,,,FALSE
293,10,1,,,FALSE
293,776,1,,,FALSE
293,1051,1,,,FALSE
293,30,1,,,FALSE
293,552,1,,,FALSE
293,1,1,,,FALSE
293,727,1,,,FALSE
293,417,1,,,FALSE
293,401,1,,,FALSE
293,485,1,,,FALSE
293,728,1,,,FALSE
290,176,1,,,FALSE
290,470,1,,,FALSE
290,708,1,,,FALSE
290,368,1,,,FALSE
291,10,1,,,FALSE
291,660,1,,,FALSE
291,376,1,,,FALSE
591,58,1,,,FALSE
590,106,1,,,FALSE
590,21,1,,,FALSE
900,1036,1,,,FALSE
592,21,1,,,FALSE
592,394,1,,,FALSE
595,21,1,,,FALSE
595,23,1,,,FALSE
595,407,1,,,FALSE
595,498,1,,,FALSE
595,177,1,,,FALSE
595,256,1,,,FALSE
594,690,1,,,FALSE
594,21,1,,,FALSE
594,313,1,,,FALSE
594,856,1,,,FALSE
594,798,1,,,FALSE
594,490,1,,,FALSE
597,10,1,,,FALSE
597,143,1,,,FALSE
597,379,1,,,FALSE
597,1,1,,,FALSE
597,281,1,,,FALSE
597,260,1,,,FALSE
597,241,1,,,FALSE
597,394,1,,,FALSE
597,177,1,,,FALSE
597,238,1,,,FALSE
599,749,1,,,FALSE
599,889,1,,,FALSE
599,895,1,,,FALSE
599,973,1,,,FALSE
599,792,1,,,FALSE
599,951,1,,,FALSE
599,874,1,,,FALSE
599,937,1,,,FALSE
599,1012,1,,,FALSE
599,997,1,,,FALSE
599,679,1,,,FALSE
599,754,1,,,FALSE
599,126,1,,,FALSE
599,846,1,,,FALSE
599,11,1,,,FALSE
599,10,1,,,FALSE
599,59,1,,,FALSE
599,945,1,,,FALSE
599,726,1,,,FALSE
599,1008,1,,,FALSE
599,925,1,,,FALSE
598,769,1,,,FALSE
598,338,1,,,FALSE
598,749,1,,,FALSE
598,61,1,,,FALSE
598,84,1,,,FALSE
598,1051,1,,,FALSE
598,792,1,,,FALSE
598,971,1,,,FALSE
598,951,1,,,FALSE
598,874,1,,,FALSE
598,873,1,,,FALSE
598,956,1,,,FALSE
598,1,1,,,FALSE
598,939,1,,,FALSE
598,1034,1,,,FALSE
598,918,1,,,FALSE
598,937,1,,,FALSE
598,1012,1,,,FALSE
598,1000,1,,,FALSE
598,895,1,,,FALSE
598,754,1,,,FALSE
598,466,1,,,FALSE
598,998,1,,,FALSE
598,263,1,,,FALSE
598,384,1,,,FALSE
598,126,1,,,FALSE
598,846,1,,,FALSE
598,837,1,,,FALSE
598,11,1,,,FALSE
598,10,1,,,FALSE
598,967,1,,,FALSE
598,59,1,,,FALSE
598,945,1,,,FALSE
598,726,1,,,FALSE
598,410,1,,,FALSE
598,972,1,,,FALSE
598,371,1,,,FALSE
598,435,1,,,FALSE
598,1003,1,,,FALSE
598,925,1,,,FALSE
598,804,1,,,FALSE
197,248,1,,,FALSE
197,17,1,,,FALSE
196,41,1,,,FALSE
191,849,1,,,FALSE
191,856,1,,,FALSE
191,844,1,,,FALSE
191,21,1,,,FALSE
191,882,1,,,FALSE
191,704,1,,,FALSE
191,311,1,,,FALSE
191,498,1,,,FALSE
191,366,1,,,FALSE
191,124,1,,,FALSE
191,481,1,,,FALSE
191,128,1,,,FALSE
191,410,1,,,FALSE
191,649,1,,,FALSE
191,221,1,,,FALSE
191,1013,1,,,FALSE
190,245,1,,,FALSE
190,470,1,,,FALSE
190,422,1,,,FALSE
190,821,1,,,FALSE
190,1017,1,,,FALSE
193,890,1,,,FALSE
193,21,1,,,FALSE
193,683,1,,,FALSE
193,617,1,,,FALSE
192,59,1,,,FALSE
192,311,1,,,FALSE
192,357,1,,,FALSE
192,470,1,,,FALSE
192,383,1,,,FALSE
192,266,1,,,FALSE
192,488,1,,,FALSE
192,281,1,,,FALSE
192,225,1,,,FALSE
192,372,1,,,FALSE
192,362,1,,,FALSE
270,11,1,,,FALSE
270,10,1,,,FALSE
270,59,1,,,FALSE
270,21,1,,,FALSE
270,877,1,,,FALSE
270,315,1,,,FALSE
270,41,1,,,FALSE
270,130,1,,,FALSE
270,124,1,,,FALSE
270,1019,1,,,FALSE
270,126,1,,,FALSE
270,350,1,,,FALSE
271,10,1,,,FALSE
271,311,1,,,FALSE
271,433,1,,,FALSE
271,225,1,,,FALSE
271,160,1,,,FALSE
271,363,1,,,FALSE
271,361,1,,,FALSE
272,59,1,,,FALSE
272,143,1,,,FALSE
272,315,1,,,FALSE
272,41,1,,,FALSE
272,263,1,,,FALSE
272,350,1,,,FALSE
272,235,1,,,FALSE
273,1,1,,,FALSE
273,478,1,,,FALSE
273,141,1,,,FALSE
273,34,1,,,FALSE
274,177,1,,,FALSE
274,10,1,,,FALSE
274,234,1,,,FALSE
274,237,1,,,FALSE
274,235,1,,,FALSE
275,357,1,,,FALSE
275,311,1,,,FALSE
275,369,1,,,FALSE
276,977,1,,,FALSE
276,456,1,,,FALSE
276,263,1,,,FALSE
276,218,1,,,FALSE
276,264,1,,,FALSE
276,511,1,,,FALSE
277,10,1,,,FALSE
277,690,1,,,FALSE
277,559,1,,,FALSE
277,213,1,,,FALSE
277,703,1,,,FALSE
277,643,1,,,FALSE
277,307,1,,,FALSE
277,1,1,,,FALSE
277,470,1,,,FALSE
277,938,1,,,FALSE
277,689,1,,,FALSE
277,398,1,,,FALSE
277,362,1,,,FALSE
277,529,1,,,FALSE
278,177,1,,,FALSE
278,235,1,,,FALSE
278,205,1,,,FALSE
278,241,1,,,FALSE
279,10,1,,,FALSE
279,220,1,,,FALSE
581,385,1,,,FALSE
581,522,1,,,FALSE
581,34,1,,,FALSE
524,300,1,,,FALSE
524,39,1,,,FALSE
524,385,1,,,FALSE
524,58,1,,,FALSE
524,23,1,,,FALSE
525,883,1,,,FALSE
525,459,1,,,FALSE
525,769,1,,,FALSE
525,741,1,,,FALSE
525,451,1,,,FALSE
525,767,1,,,FALSE
525,574,1,,,FALSE
525,256,1,,,FALSE
525,84,1,,,FALSE
525,697,1,,,FALSE
525,970,1,,,FALSE
525,871,1,,,FALSE
525,656,1,,,FALSE
525,657,1,,,FALSE
525,919,1,,,FALSE
525,521,1,,,FALSE
525,937,1,,,FALSE
525,582,1,,,FALSE
525,990,1,,,FALSE
525,898,1,,,FALSE
525,758,1,,,FALSE
525,129,1,,,FALSE
525,660,1,,,FALSE
525,961,1,,,FALSE
525,906,1,,,FALSE
525,58,1,,,FALSE
525,962,1,,,FALSE
525,788,1,,,FALSE
525,925,1,,,FALSE
525,808,1,,,FALSE
525,828,1,,,FALSE
525,530,1,,,FALSE
525,806,1,,,FALSE
525,430,1,,,FALSE
526,578,1,,,FALSE
526,627,1,,,FALSE
526,58,1,,,FALSE
526,870,1,,,FALSE
526,574,1,,,FALSE
526,919,1,,,FALSE
526,511,1,,,FALSE
526,914,1,,,FALSE
526,922,1,,,FALSE
526,806,1,,,FALSE
526,84,1,,,FALSE
526,828,1,,,FALSE
527,263,1,,,FALSE
527,627,1,,,FALSE
1018,10,1,,,FALSE
1018,59,1,,,FALSE
1018,770,1,,,FALSE
1018,950,1,,,FALSE
1018,551,1,,,FALSE
1018,1,1,,,FALSE
1018,494,1,,,FALSE
1018,412,1,,,FALSE
1018,371,1,,,FALSE
1018,820,1,,,FALSE
1018,926,1,,,FALSE
521,10,1,,,FALSE
521,578,1,,,FALSE
521,627,1,,,FALSE
521,41,1,,,FALSE
521,428,1,,,FALSE
521,919,1,,,FALSE
521,522,1,,,FALSE
521,511,1,,,FALSE
521,423,1,,,FALSE
521,574,1,,,FALSE
522,58,1,,,FALSE
522,962,1,,,FALSE
522,23,1,,,FALSE
522,337,1,,,FALSE
522,34,1,,,FALSE
522,322,1,,,FALSE
522,385,1,,,FALSE
522,394,1,,,FALSE
522,256,1,,,FALSE
522,542,1,,,FALSE
522,430,1,,,FALSE
522,21,1,,,FALSE
523,339,1,,,FALSE
523,822,1,,,FALSE
523,256,1,,,FALSE
523,616,1,,,FALSE
1014,498,1,,,FALSE
1014,58,1,,,FALSE
1014,23,1,,,FALSE
1015,847,1,,,FALSE
1015,412,1,,,FALSE
1017,995,1,,,FALSE
1017,887,1,,,FALSE
1017,143,1,,,FALSE
1017,339,1,,,FALSE
1017,945,1,,,FALSE
1017,8,1,,,FALSE
1010,1052,1,,,FALSE
1010,256,1,,,FALSE
1010,701,1,,,FALSE
1010,791,1,,,FALSE
529,10,1,,,FALSE
529,339,1,,,FALSE
529,780,1,,,FALSE
529,580,1,,,FALSE
529,838,1,,,FALSE
529,316,1,,,FALSE
529,1,1,,,FALSE
529,61,1,,,FALSE
529,320,1,,,FALSE
529,423,1,,,FALSE
529,435,1,,,FALSE
529,874,1,,,FALSE
1012,600,1,,,FALSE
1013,964,1,,,FALSE
1013,785,1,,,FALSE
1013,844,1,,,FALSE
1013,34,1,,,FALSE
1013,831,1,,,FALSE
449,696,1,,,FALSE
449,58,1,,,FALSE
449,17,1,,,FALSE
449,772,1,,,FALSE
826,459,1,,,FALSE
826,237,1,,,FALSE
826,888,1,,,FALSE
826,43,1,,,FALSE
826,498,1,,,FALSE
826,410,1,,,FALSE
826,124,1,,,FALSE
826,81,1,,,FALSE
443,21,1,,,FALSE
441,339,1,,,FALSE
441,18,1,,,FALSE
441,316,1,,,FALSE
441,1,1,,,FALSE
441,126,1,,,FALSE
440,58,1,,,FALSE
440,184,1,,,FALSE
447,10,1,,,FALSE
447,469,1,,,FALSE
447,859,1,,,FALSE
447,1028,1,,,FALSE
447,1,1,,,FALSE
447,229,1,,,FALSE
447,325,1,,,FALSE
447,802,1,,,FALSE
447,365,1,,,FALSE
447,172,1,,,FALSE
446,470,1,,,FALSE
446,236,1,,,FALSE
446,43,1,,,FALSE
446,672,1,,,FALSE
445,726,1,,,FALSE
445,607,1,,,FALSE
445,21,1,,,FALSE
445,782,1,,,FALSE
445,783,1,,,FALSE
445,646,1,,,FALSE
445,846,1,,,FALSE
445,519,1,,,FALSE
445,1009,1,,,FALSE
445,654,1,,,FALSE
445,136,1,,,FALSE
445,474,1,,,FALSE
445,475,1,,,FALSE
445,71,1,,,FALSE
445,434,1,,,FALSE
445,804,1,,,FALSE
445,805,1,,,FALSE
445,600,1,,,FALSE
444,39,1,,,FALSE
444,21,1,,,FALSE
444,159,1,,,FALSE
444,62,1,,,FALSE
444,808,1,,,FALSE
444,73,1,,,FALSE
444,256,1,,,FALSE
47,26,1,,,FALSE
47,335,1,,,FALSE
47,616,1,,,FALSE
47,67,1,,,FALSE
47,461,1,,,FALSE
47,34,1,,,FALSE
47,413,1,,,FALSE
47,236,1,,,FALSE
108,21,1,,,FALSE
109,49,1,,,FALSE
102,43,1,,,FALSE
103,182,1,,,FALSE
103,43,1,,,FALSE
100,139,1,,,FALSE
100,310,1,,,FALSE
100,225,1,,,FALSE
100,311,1,,,FALSE
101,10,1,,,FALSE
101,1053,1,,,FALSE
101,339,1,,,FALSE
101,338,1,,,FALSE
101,747,1,,,FALSE
101,470,1,,,FALSE
101,316,1,,,FALSE
101,1,1,,,FALSE
101,355,1,,,FALSE
101,390,1,,,FALSE
101,242,1,,,FALSE
101,371,1,,,FALSE
101,172,1,,,FALSE
101,728,1,,,FALSE
106,26,1,,,FALSE
106,394,1,,,FALSE
106,175,1,,,FALSE
106,34,1,,,FALSE
107,10,1,,,FALSE
107,21,1,,,FALSE
107,17,1,,,FALSE
104,216,1,,,FALSE
104,797,1,,,FALSE
104,58,1,,,FALSE
104,414,1,,,FALSE
104,69,1,,,FALSE
104,174,1,,,FALSE
105,10,1,,,FALSE
902,809,1,,,FALSE
902,930,1,,,FALSE
902,499,1,,,FALSE
902,412,1,,,FALSE
903,692,1,,,FALSE
903,10,1,,,FALSE
903,997,1,,,FALSE
903,625,1,,,FALSE
903,749,1,,,FALSE
903,1029,1,,,FALSE
903,859,1,,,FALSE
903,1,1,,,FALSE
903,5,1,,,FALSE
903,1033,1,,,FALSE
39,1011,1,,,FALSE
39,656,1,,,FALSE
39,212,1,,,FALSE
39,21,1,,,FALSE
39,23,1,,,FALSE
39,313,1,,,FALSE
39,54,1,,,FALSE
39,311,1,,,FALSE
39,754,1,,,FALSE
39,461,1,,,FALSE
39,43,1,,,FALSE
39,518,1,,,FALSE
39,474,1,,,FALSE
39,649,1,,,FALSE
39,224,1,,,FALSE
39,256,1,,,FALSE
39,87,1,,,FALSE
38,1,1,,,FALSE
906,59,1,,,FALSE
906,669,1,,,FALSE
906,819,1,,,FALSE
906,1,1,,,FALSE
906,470,1,,,FALSE
906,682,1,,,FALSE
906,237,1,,,FALSE
906,84,1,,,FALSE
906,255,1,,,FALSE
907,281,1,,,FALSE
907,563,1,,,FALSE
907,372,1,,,FALSE
907,564,1,,,FALSE
904,604,1,,,FALSE
904,564,1,,,FALSE
904,470,1,,,FALSE
904,281,1,,,FALSE
904,372,1,,,FALSE
904,480,1,,,FALSE
905,561,1,,,FALSE
905,34,1,,,FALSE
33,11,1,,,FALSE
32,11,1,,,FALSE
32,10,1,,,FALSE
32,682,1,,,FALSE
31,10,1,,,FALSE
30,339,1,,,FALSE
30,625,1,,,FALSE
30,156,1,,,FALSE
30,453,1,,,FALSE
30,390,1,,,FALSE
30,172,1,,,FALSE
30,254,1,,,FALSE
30,289,1,,,FALSE
30,180,1,,,FALSE
30,118,1,,,FALSE
30,1,1,,,FALSE
30,320,1,,,FALSE
30,734,1,,,FALSE
30,143,1,,,FALSE
30,209,1,,,FALSE
30,263,1,,,FALSE
30,126,1,,,FALSE
30,11,1,,,FALSE
30,10,1,,,FALSE
30,18,1,,,FALSE
30,470,1,,,FALSE
30,517,1,,,FALSE
37,1,1,,,FALSE
37,920,1,,,FALSE
37,422,1,,,FALSE
37,52,1,,,FALSE
36,21,1,,,FALSE
35,11,1,,,FALSE
35,10,1,,,FALSE
34,839,1,,,FALSE
34,885,1,,,FALSE
34,200,1,,,FALSE
34,335,1,,,FALSE
34,334,1,,,FALSE
34,178,1,,,FALSE
34,68,1,,,FALSE
34,463,1,,,FALSE
34,110,1,,,FALSE
34,113,1,,,FALSE
34,67,1,,,FALSE
34,82,1,,,FALSE
34,175,1,,,FALSE
34,866,1,,,FALSE
34,80,1,,,FALSE
34,542,1,,,FALSE
34,26,1,,,FALSE
34,694,1,,,FALSE
34,42,1,,,FALSE
34,1,1,,,FALSE
34,704,1,,,FALSE
34,983,1,,,FALSE
34,366,1,,,FALSE
34,283,1,,,FALSE
34,910,1,,,FALSE
34,833,1,,,FALSE
34,882,1,,,FALSE
34,147,1,,,FALSE
34,777,1,,,FALSE
34,888,1,,,FALSE
34,981,1,,,FALSE
34,141,1,,,FALSE
34,561,1,,,FALSE
34,461,1,,,FALSE
34,148,1,,,FALSE
34,149,1,,,FALSE
34,803,1,,,FALSE
34,1026,1,,,FALSE
34,73,1,,,FALSE
34,72,1,,,FALSE
34,243,1,,,FALSE
34,388,1,,,FALSE
34,94,1,,,FALSE
34,236,1,,,FALSE
34,1059,1,,,FALSE
34,844,1,,,FALSE
34,962,1,,,FALSE
34,841,1,,,FALSE
34,55,1,,,FALSE
34,51,1,,,FALSE
34,1007,1,,,FALSE
34,849,1,,,FALSE
34,52,1,,,FALSE
34,378,1,,,FALSE
34,352,1,,,FALSE
34,772,1,,,FALSE
34,413,1,,,FALSE
34,649,1,,,FALSE
34,686,1,,,FALSE
34,616,1,,,FALSE
34,240,1,,,FALSE
641,11,1,,,FALSE
641,181,1,,,FALSE
641,575,1,,,FALSE
640,470,1,,,FALSE
640,43,1,,,FALSE
643,10,1,,,FALSE
643,213,1,,,FALSE
643,846,1,,,FALSE
643,380,1,,,FALSE
643,177,1,,,FALSE
643,490,1,,,FALSE
642,448,1,,,FALSE
642,469,1,,,FALSE
642,851,1,,,FALSE
642,1028,1,,,FALSE
642,673,1,,,FALSE
642,1,1,,,FALSE
642,5,1,,,FALSE
642,325,1,,,FALSE
645,414,1,,,FALSE
645,846,1,,,FALSE
645,863,1,,,FALSE
645,303,1,,,FALSE
645,498,1,,,FALSE
645,322,1,,,FALSE
645,74,1,,,FALSE
645,326,1,,,FALSE
645,412,1,,,FALSE
645,370,1,,,FALSE
645,501,1,,,FALSE
645,376,1,,,FALSE
644,58,1,,,FALSE
647,692,1,,,FALSE
647,21,1,,,FALSE
647,773,1,,,FALSE
647,23,1,,,FALSE
647,835,1,,,FALSE
647,261,1,,,FALSE
647,1,1,,,FALSE
647,180,1,,,FALSE
647,259,1,,,FALSE
647,497,1,,,FALSE
647,821,1,,,FALSE
647,709,1,,,FALSE
439,1,1,,,FALSE
439,10,1,,,FALSE
439,62,1,,,FALSE
439,177,1,,,FALSE
649,882,1,,,FALSE
649,844,1,,,FALSE
649,834,1,,,FALSE
649,999,1,,,FALSE
649,849,1,,,FALSE
649,498,1,,,FALSE
649,269,1,,,FALSE
649,806,1,,,FALSE
649,729,1,,,FALSE
437,43,1,,,FALSE
434,607,1,,,FALSE
434,59,1,,,FALSE
434,734,1,,,FALSE
434,782,1,,,FALSE
434,963,1,,,FALSE
434,896,1,,,FALSE
434,992,1,,,FALSE
434,41,1,,,FALSE
434,122,1,,,FALSE
434,477,1,,,FALSE
434,723,1,,,FALSE
434,824,1,,,FALSE
434,1057,1,,,FALSE
434,480,1,,,FALSE
435,339,1,,,FALSE
435,157,1,,,FALSE
435,749,1,,,FALSE
435,61,1,,,FALSE
435,836,1,,,FALSE
435,837,1,,,FALSE
435,41,1,,,FALSE
435,1,1,,,FALSE
435,939,1,,,FALSE
435,158,1,,,FALSE
435,580,1,,,FALSE
435,754,1,,,FALSE
435,466,1,,,FALSE
435,384,1,,,FALSE
435,126,1,,,FALSE
435,780,1,,,FALSE
435,160,1,,,FALSE
435,1047,1,,,FALSE
435,481,1,,,FALSE
435,10,1,,,FALSE
435,59,1,,,FALSE
435,470,1,,,FALSE
435,477,1,,,FALSE
432,357,1,,,FALSE
432,690,1,,,FALSE
432,182,1,,,FALSE
432,470,1,,,FALSE
432,477,1,,,FALSE
432,286,1,,,FALSE
433,318,1,,,FALSE
433,339,1,,,FALSE
433,338,1,,,FALSE
433,335,1,,,FALSE
433,353,1,,,FALSE
433,337,1,,,FALSE
433,310,1,,,FALSE
433,330,1,,,FALSE
433,314,1,,,FALSE
433,326,1,,,FALSE
433,325,1,,,FALSE
433,364,1,,,FALSE
433,363,1,,,FALSE
433,352,1,,,FALSE
430,819,1,,,FALSE
430,61,1,,,FALSE
430,394,1,,,FALSE
430,174,1,,,FALSE
430,23,1,,,FALSE
430,41,1,,,FALSE
430,322,1,,,FALSE
430,919,1,,,FALSE
430,871,1,,,FALSE
430,1032,1,,,FALSE
430,990,1,,,FALSE
430,773,1,,,FALSE
430,167,1,,,FALSE
430,59,1,,,FALSE
430,58,1,,,FALSE
430,806,1,,,FALSE
430,370,1,,,FALSE
430,800,1,,,FALSE
430,925,1,,,FALSE
430,1001,1,,,FALSE
431,21,1,,,FALSE
431,773,1,,,FALSE
431,1032,1,,,FALSE
431,84,1,,,FALSE
431,394,1,,,FALSE
431,371,1,,,FALSE
431,58,1,,,FALSE
753,235,1,,,FALSE
753,59,1,,,FALSE
753,889,1,,,FALSE
753,537,1,,,FALSE
753,1006,1,,,FALSE
753,83,1,,,FALSE
339,741,1,,,FALSE
339,626,1,,,FALSE
339,624,1,,,FALSE
339,572,1,,,FALSE
339,311,1,,,FALSE
339,316,1,,,FALSE
339,574,1,,,FALSE
339,398,1,,,FALSE
339,583,1,,,FALSE
339,749,1,,,FALSE
339,484,1,,,FALSE
339,1054,1,,,FALSE
339,837,1,,,FALSE
339,951,1,,,FALSE
339,950,1,,,FALSE
339,838,1,,,FALSE
339,884,1,,,FALSE
339,470,1,,,FALSE
339,428,1,,,FALSE
339,654,1,,,FALSE
339,369,1,,,FALSE
339,932,1,,,FALSE
339,423,1,,,FALSE
339,822,1,,,FALSE
339,362,1,,,FALSE
339,361,1,,,FALSE
339,977,1,,,FALSE
339,448,1,,,FALSE
339,468,1,,,FALSE
339,754,1,,,FALSE
339,464,1,,,FALSE
339,564,1,,,FALSE
339,662,1,,,FALSE
339,511,1,,,FALSE
339,383,1,,,FALSE
339,927,1,,,FALSE
339,487,1,,,FALSE
339,548,1,,,FALSE
339,481,1,,,FALSE
339,11,1,,,FALSE
339,10,1,,,FALSE
339,512,1,,,FALSE
339,782,1,,,FALSE
339,528,1,,,FALSE
339,1049,1,,,FALSE
339,969,1,,,FALSE
339,940,1,,,FALSE
339,357,1,,,FALSE
339,355,1,,,FALSE
339,410,1,,,FALSE
339,371,1,,,FALSE
339,728,1,,,FALSE
339,516,1,,,FALSE
338,11,1,,,FALSE
338,10,1,,,FALSE
338,1053,1,,,FALSE
338,1047,1,,,FALSE
338,1,1,,,FALSE
338,470,1,,,FALSE
338,423,1,,,FALSE
338,362,1,,,FALSE
338,822,1,,,FALSE
335,398,1,,,FALSE
335,616,1,,,FALSE
337,777,1,,,FALSE
337,1053,1,,,FALSE
337,616,1,,,FALSE
337,26,1,,,FALSE
337,236,1,,,FALSE
336,263,1,,,FALSE
336,244,1,,,FALSE
336,267,1,,,FALSE
336,254,1,,,FALSE
336,229,1,,,FALSE
336,228,1,,,FALSE
336,227,1,,,FALSE
336,253,1,,,FALSE
336,252,1,,,FALSE
331,1,1,,,FALSE
330,237,1,,,FALSE
330,59,1,,,FALSE
330,773,1,,,FALSE
330,470,1,,,FALSE
330,1,1,,,FALSE
330,180,1,,,FALSE
330,234,1,,,FALSE
330,174,1,,,FALSE
333,692,1,,,FALSE
333,58,1,,,FALSE
333,23,1,,,FALSE
333,57,1,,,FALSE
333,218,1,,,FALSE
333,263,1,,,FALSE
333,62,1,,,FALSE
333,185,1,,,FALSE
333,234,1,,,FALSE
333,21,1,,,FALSE
332,177,1,,,FALSE
332,242,1,,,FALSE
752,421,1,,,FALSE
752,514,1,,,FALSE
752,764,1,,,FALSE
752,462,1,,,FALSE
745,421,1,,,FALSE
745,954,1,,,FALSE
745,514,1,,,FALSE
745,791,1,,,FALSE
745,462,1,,,FALSE
854,1053,1,,,FALSE
854,697,1,,,FALSE
854,561,1,,,FALSE
854,470,1,,,FALSE
854,180,1,,,FALSE
854,729,1,,,FALSE
855,84,1,,,FALSE
856,313,1,,,FALSE
856,566,1,,,FALSE
856,52,1,,,FALSE
856,380,1,,,FALSE
856,415,1,,,FALSE
856,470,1,,,FALSE
856,498,1,,,FALSE
856,282,1,,,FALSE
856,490,1,,,FALSE
857,964,1,,,FALSE
857,498,1,,,FALSE
857,806,1,,,FALSE
857,1020,1,,,FALSE
850,616,1,,,FALSE
850,518,1,,,FALSE
850,470,1,,,FALSE
850,410,1,,,FALSE
850,413,1,,,FALSE
850,237,1,,,FALSE
851,692,1,,,FALSE
851,203,1,,,FALSE
851,145,1,,,FALSE
851,496,1,,,FALSE
852,412,1,,,FALSE
852,501,1,,,FALSE
853,206,1,,,FALSE
853,21,1,,,FALSE
853,23,1,,,FALSE
858,846,1,,,FALSE
858,448,1,,,FALSE
858,1047,1,,,FALSE
858,908,1,,,FALSE
858,945,1,,,FALSE
858,943,1,,,FALSE
858,673,1,,,FALSE
858,1019,1,,,FALSE
858,177,1,,,FALSE
858,913,1,,,FALSE
859,692,1,,,FALSE
859,203,1,,,FALSE
859,145,1,,,FALSE
859,1028,1,,,FALSE
859,1,1,,,FALSE
859,929,1,,,FALSE
859,448,1,,,FALSE
859,5,1,,,FALSE
859,496,1,,,FALSE
748,370,1,,,FALSE
748,423,1,,,FALSE
748,59,1,,,FALSE
6,11,1,,,FALSE
6,263,1,,,FALSE
6,59,1,,,FALSE
6,143,1,,,FALSE
6,10,1,,,FALSE
6,705,1,,,FALSE
6,311,1,,,FALSE
6,213,1,,,FALSE
6,391,1,,,FALSE
6,1,1,,,FALSE
6,61,1,,,FALSE
6,122,1,,,FALSE
6,130,1,,,FALSE
6,413,1,,,FALSE
6,176,1,,,FALSE
6,225,1,,,FALSE
6,363,1,,,FALSE
6,170,1,,,FALSE
99,357,1,,,FALSE
99,65,1,,,FALSE
99,21,1,,,FALSE
99,114,1,,,FALSE
99,311,1,,,FALSE
99,77,1,,,FALSE
99,98,1,,,FALSE
99,72,1,,,FALSE
99,223,1,,,FALSE
99,360,1,,,FALSE
99,169,1,,,FALSE
98,311,1,,,FALSE
98,169,1,,,FALSE
98,363,1,,,FALSE
91,757,1,,,FALSE
91,311,1,,,FALSE
91,628,1,,,FALSE
91,588,1,,,FALSE
91,41,1,,,FALSE
91,395,1,,,FALSE
91,510,1,,,FALSE
91,188,1,,,FALSE
91,221,1,,,FALSE
90,136,1,,,FALSE
90,71,1,,,FALSE
90,41,1,,,FALSE
92,974,1,,,FALSE
92,1023,1,,,FALSE
92,667,1,,,FALSE
92,41,1,,,FALSE
92,131,1,,,FALSE
92,136,1,,,FALSE
92,71,1,,,FALSE
92,233,1,,,FALSE
95,59,1,,,FALSE
95,58,1,,,FALSE
95,311,1,,,FALSE
95,307,1,,,FALSE
95,74,1,,,FALSE
95,72,1,,,FALSE
95,70,1,,,FALSE
95,503,1,,,FALSE
94,43,1,,,FALSE
94,76,1,,,FALSE
94,75,1,,,FALSE
94,74,1,,,FALSE
94,73,1,,,FALSE
94,72,1,,,FALSE
94,70,1,,,FALSE
94,80,1,,,FALSE
97,54,1,,,FALSE
96,10,1,,,FALSE
348,263,1,,,FALSE
348,301,1,,,FALSE
815,697,1,,,FALSE
815,206,1,,,FALSE
815,23,1,,,FALSE
815,731,1,,,FALSE
815,394,1,,,FALSE
815,21,1,,,FALSE
740,263,1,,,FALSE
740,780,1,,,FALSE
740,792,1,,,FALSE
740,746,1,,,FALSE
740,785,1,,,FALSE
740,1,1,,,FALSE
740,1033,1,,,FALSE
740,846,1,,,FALSE
741,846,1,,,FALSE
741,830,1,,,FALSE
741,962,1,,,FALSE
741,583,1,,,FALSE
741,755,1,,,FALSE
741,839,1,,,FALSE
741,574,1,,,FALSE
741,263,1,,,FALSE
741,885,1,,,FALSE
741,626,1,,,FALSE
742,58,1,,,FALSE
742,159,1,,,FALSE
742,180,1,,,FALSE
742,537,1,,,FALSE
742,62,1,,,FALSE
742,74,1,,,FALSE
742,394,1,,,FALSE
742,479,1,,,FALSE
742,84,1,,,FALSE
743,1,1,,,FALSE
743,10,1,,,FALSE
743,21,1,,,FALSE
743,84,1,,,FALSE
559,10,1,,,FALSE
559,698,1,,,FALSE
559,41,1,,,FALSE
558,784,1,,,FALSE
558,263,1,,,FALSE
558,782,1,,,FALSE
558,846,1,,,FALSE
558,316,1,,,FALSE
558,1,1,,,FALSE
558,238,1,,,FALSE
558,726,1,,,FALSE
558,519,1,,,FALSE
746,846,1,,,FALSE
746,792,1,,,FALSE
746,1029,1,,,FALSE
746,263,1,,,FALSE
747,846,1,,,FALSE
747,1054,1,,,FALSE
747,1003,1,,,FALSE
747,945,1,,,FALSE
747,873,1,,,FALSE
747,933,1,,,FALSE
747,412,1,,,FALSE
747,494,1,,,FALSE
747,681,1,,,FALSE
747,913,1,,,FALSE
555,21,1,,,FALSE
749,846,1,,,FALSE
749,837,1,,,FALSE
749,625,1,,,FALSE
749,1,1,,,FALSE
749,260,1,,,FALSE
556,58,1,,,FALSE
556,218,1,,,FALSE
556,185,1,,,FALSE
551,863,1,,,FALSE
551,412,1,,,FALSE
550,1,1,,,FALSE
553,21,1,,,FALSE
552,10,1,,,FALSE
552,145,1,,,FALSE
552,1,1,,,FALSE
552,404,1,,,FALSE
552,496,1,,,FALSE
552,682,1,,,FALSE
238,141,1,,,FALSE
238,18,1,,,FALSE
238,1,1,,,FALSE
238,423,1,,,FALSE
238,398,1,,,FALSE
238,478,1,,,FALSE
239,692,1,,,FALSE
239,174,1,,,FALSE
239,582,1,,,FALSE
239,21,1,,,FALSE
239,23,1,,,FALSE
239,889,1,,,FALSE
239,656,1,,,FALSE
239,75,1,,,FALSE
239,497,1,,,FALSE
239,924,1,,,FALSE
239,1001,1,,,FALSE
234,459,1,,,FALSE
234,692,1,,,FALSE
234,21,1,,,FALSE
234,23,1,,,FALSE
234,772,1,,,FALSE
234,425,1,,,FALSE
234,774,1,,,FALSE
234,637,1,,,FALSE
234,561,1,,,FALSE
234,461,1,,,FALSE
234,307,1,,,FALSE
234,999,1,,,FALSE
234,73,1,,,FALSE
234,221,1,,,FALSE
234,58,1,,,FALSE
234,470,1,,,FALSE
234,410,1,,,FALSE
234,924,1,,,FALSE
234,419,1,,,FALSE
235,11,1,,,FALSE
235,10,1,,,FALSE
235,520,1,,,FALSE
235,780,1,,,FALSE
235,891,1,,,FALSE
235,889,1,,,FALSE
235,380,1,,,FALSE
235,470,1,,,FALSE
235,703,1,,,FALSE
235,1,1,,,FALSE
235,509,1,,,FALSE
235,177,1,,,FALSE
235,936,1,,,FALSE
236,630,1,,,FALSE
236,26,1,,,FALSE
236,570,1,,,FALSE
236,616,1,,,FALSE
236,470,1,,,FALSE
236,73,1,,,FALSE
236,67,1,,,FALSE
236,410,1,,,FALSE
236,481,1,,,FALSE
237,561,1,,,FALSE
237,570,1,,,FALSE
237,616,1,,,FALSE
237,460,1,,,FALSE
237,999,1,,,FALSE
237,543,1,,,FALSE
237,73,1,,,FALSE
237,307,1,,,FALSE
237,924,1,,,FALSE
230,58,1,,,FALSE
230,23,1,,,FALSE
230,783,1,,,FALSE
230,121,1,,,FALSE
230,180,1,,,FALSE
230,403,1,,,FALSE
230,126,1,,,FALSE
230,174,1,,,FALSE
231,1,1,,,FALSE
231,177,1,,,FALSE
231,15,1,,,FALSE
232,403,1,,,FALSE
232,304,1,,,FALSE
232,58,1,,,FALSE
232,185,1,,,FALSE
233,1023,1,,,FALSE
233,41,1,,,FALSE
1050,159,1,,,FALSE
1050,177,1,,,FALSE
1050,728,1,,,FALSE
1050,897,1,,,FALSE
1051,1,1,,,FALSE
1051,10,1,,,FALSE
1051,11,1,,,FALSE
1052,263,1,,,FALSE
1053,10,1,,,FALSE
1053,897,1,,,FALSE
1053,1,1,,,FALSE
1054,10,1,,,FALSE
1054,59,1,,,FALSE
1054,969,1,,,FALSE
1055,11,1,,,FALSE
1055,10,1,,,FALSE
1055,59,1,,,FALSE
1055,950,1,,,FALSE
1055,1,1,,,FALSE
1055,177,1,,,FALSE
1056,470,1,,,FALSE
1056,564,1,,,FALSE
1057,11,1,,,FALSE
1057,10,1,,,FALSE
1057,205,1,,,FALSE
1057,846,1,,,FALSE
1057,968,1,,,FALSE
1057,897,1,,,FALSE
1057,564,1,,,FALSE
1057,41,1,,,FALSE
1057,1,1,,,FALSE
1057,470,1,,,FALSE
1057,476,1,,,FALSE
1057,734,1,,,FALSE
1057,368,1,,,FALSE
1057,177,1,,,FALSE
1057,372,1,,,FALSE
1057,820,1,,,FALSE
1057,84,1,,,FALSE
1058,883,1,,,FALSE
1058,846,1,,,FALSE
1058,769,1,,,FALSE
1058,897,1,,,FALSE
1058,41,1,,,FALSE
1058,470,1,,,FALSE
1058,130,1,,,FALSE
1058,368,1,,,FALSE
1058,871,1,,,FALSE
1058,924,1,,,FALSE
1058,820,1,,,FALSE
1059,962,1,,,FALSE
1,214,1,,,FALSE
1,669,1,,,FALSE
1,788,1,,,FALSE
1,496,1,,,FALSE
1,138,1,,,FALSE
1,24,1,,,FALSE
1,690,1,,,FALSE
1,695,1,,,FALSE
1,699,1,,,FALSE
1,1008,1,,,FALSE
1,29,1,,,FALSE
1,288,1,,,FALSE
1,939,1,,,FALSE
1,404,1,,,FALSE
1,401,1,,,FALSE
1,545,1,,,FALSE
1,281,1,,,FALSE
1,8,1,,,FALSE
1,284,1,,,FALSE
1,286,1,,,FALSE
1,995,1,,,FALSE
1,996,1,,,FALSE
1,678,1,,,FALSE
1,675,1,,,FALSE
1,965,1,,,FALSE
1,577,1,,,FALSE
1,677,1,,,FALSE
1,670,1,,,FALSE
1,966,1,,,FALSE
1,929,1,,,FALSE
1,122,1,,,FALSE
1,123,1,,,FALSE
1,69,1,,,FALSE
1,422,1,,,FALSE
1,54,1,,,FALSE
1,1022,1,,,FALSE
1,379,1,,,FALSE
1,415,1,,,FALSE
1,417,1,,,FALSE
1,829,1,,,FALSE
1,411,1,,,FALSE
1,412,1,,,FALSE
1,922,1,,,FALSE
1,377,1,,,FALSE
1,822,1,,,FALSE
1,988,1,,,FALSE
1,708,1,,,FALSE
1,709,1,,,FALSE
1,311,1,,,FALSE
1,986,1,,,FALSE
1,316,1,,,FALSE
1,1028,1,,,FALSE
1,88,1,,,FALSE
1,116,1,,,FALSE
1,82,1,,,FALSE
1,119,1,,,FALSE
1,118,1,,,FALSE
1,84,1,,,FALSE
1,143,1,,,FALSE
1,537,1,,,FALSE
1,836,1,,,FALSE
1,792,1,,,FALSE
1,536,1,,,FALSE
1,141,1,,,FALSE
1,799,1,,,FALSE
1,733,1,,,FALSE
1,3,1,,,FALSE
1,919,1,,,FALSE
1,918,1,,,FALSE
1,7,1,,,FALSE
1,423,1,,,FALSE
1,365,1,,,FALSE
1,362,1,,,FALSE
1,607,1,,,FALSE
1,585,1,,,FALSE
1,583,1,,,FALSE
1,580,1,,,FALSE
1,413,1,,,FALSE
1,380,1,,,FALSE
1,776,1,,,FALSE
1,241,1,,,FALSE
1,386,1,,,FALSE
1,387,1,,,FALSE
1,847,1,,,FALSE
1,785,1,,,FALSE
1,1048,1,,,FALSE
1,821,1,,,FALSE
1,932,1,,,FALSE
1,1027,1,,,FALSE
1,1000,1,,,FALSE
1,579,1,,,FALSE
1,625,1,,,FALSE
1,624,1,,,FALSE
1,450,1,,,FALSE
1,452,1,,,FALSE
1,61,1,,,FALSE
1,177,1,,,FALSE
1,176,1,,,FALSE
1,251,1,,,FALSE
1,603,1,,,FALSE
1,654,1,,,FALSE
1,145,1,,,FALSE
1,978,1,,,FALSE
1,182,1,,,FALSE
1,657,1,,,FALSE
1,180,1,,,FALSE
1,2,1,,,FALSE
1,735,1,,,FALSE
1,737,1,,,FALSE
1,506,1,,,FALSE
1,505,1,,,FALSE
1,706,1,,,FALSE
1,1034,1,,,FALSE
1,501,1,,,FALSE
1,635,1,,,FALSE
1,636,1,,,FALSE
1,637,1,,,FALSE
1,638,1,,,FALSE
1,639,1,,,FALSE
1,1038,1,,,FALSE
1,565,1,,,FALSE
1,566,1,,,FALSE
1,608,1,,,FALSE
1,11,1,,,FALSE
1,10,1,,,FALSE
1,13,1,,,FALSE
1,802,1,,,FALSE
1,1021,1,,,FALSE
1,14,1,,,FALSE
1,17,1,,,FALSE
1,16,1,,,FALSE
1,937,1,,,FALSE
1,1029,1,,,FALSE
1,864,1,,,FALSE
1,726,1,,,FALSE
1,938,1,,,FALSE
1,936,1,,,FALSE
1,470,1,,,FALSE
1,153,1,,,FALSE
1,887,1,,,FALSE
1,157,1,,,FALSE
1,884,1,,,FALSE
1,49,1,,,FALSE
1,951,1,,,FALSE
1,950,1,,,FALSE
1,44,1,,,FALSE
1,43,1,,,FALSE
1,322,1,,,FALSE
1,320,1,,,FALSE
1,5,1,,,FALSE
1,327,1,,,FALSE
1,325,1,,,FALSE
1,9,1,,,FALSE
1,328,1,,,FALSE
1,837,1,,,FALSE
1,203,1,,,FALSE
1,202,1,,,FALSE
1,771,1,,,FALSE
1,204,1,,,FALSE
1,206,1,,,FALSE
1,646,1,,,FALSE
1,778,1,,,FALSE
1,419,1,,,FALSE
1,76,1,,,FALSE
1,489,1,,,FALSE
1,70,1,,,FALSE
1,487,1,,,FALSE
1,486,1,,,FALSE
1,485,1,,,FALSE
1,78,1,,,FALSE
1,1042,1,,,FALSE
1,1041,1,,,FALSE
1,1047,1,,,FALSE
1,705,1,,,FALSE
1,1003,1,,,FALSE
1,945,1,,,FALSE
1,943,1,,,FALSE
1,355,1,,,FALSE
1,260,1,,,FALSE
1,476,1,,,FALSE
1,477,1,,,FALSE
1,475,1,,,FALSE
1,684,1,,,FALSE
1,687,1,,,FALSE
1,874,1,,,FALSE
1,358,1,,,FALSE
146,10,1,,,FALSE
146,448,1,,,FALSE
146,307,1,,,FALSE
144,604,1,,,FALSE
144,894,1,,,FALSE
144,770,1,,,FALSE
144,948,1,,,FALSE
144,72,1,,,FALSE
144,683,1,,,FALSE
145,59,1,,,FALSE
145,29,1,,,FALSE
145,180,1,,,FALSE
145,405,1,,,FALSE
145,5,1,,,FALSE
145,738,1,,,FALSE
145,496,1,,,FALSE
145,365,1,,,FALSE
145,687,1,,,FALSE
145,682,1,,,FALSE
143,216,1,,,FALSE
143,708,1,,,FALSE
143,156,1,,,FALSE
143,889,1,,,FALSE
143,315,1,,,FALSE
143,390,1,,,FALSE
143,174,1,,,FALSE
143,993,1,,,FALSE
143,118,1,,,FALSE
143,84,1,,,FALSE
143,21,1,,,FALSE
143,23,1,,,FALSE
143,180,1,,,FALSE
143,327,1,,,FALSE
143,362,1,,,FALSE
143,734,1,,,FALSE
143,775,1,,,FALSE
143,205,1,,,FALSE
143,207,1,,,FALSE
143,897,1,,,FALSE
143,545,1,,,FALSE
143,565,1,,,FALSE
143,566,1,,,FALSE
143,380,1,,,FALSE
143,488,1,,,FALSE
143,263,1,,,FALSE
143,697,1,,,FALSE
143,10,1,,,FALSE
143,941,1,,,FALSE
143,415,1,,,FALSE
143,470,1,,,FALSE
143,534,1,,,FALSE
143,371,1,,,FALSE
143,377,1,,,FALSE
140,534,1,,,FALSE
140,311,1,,,FALSE
140,310,1,,,FALSE
140,133,1,,,FALSE
140,76,1,,,FALSE
140,654,1,,,FALSE
140,74,1,,,FALSE
140,72,1,,,FALSE
140,139,1,,,FALSE
140,222,1,,,FALSE
140,358,1,,,FALSE
141,478,1,,,FALSE
612,54,1,,,FALSE
612,467,1,,,FALSE
612,21,1,,,FALSE
613,21,1,,,FALSE
613,158,1,,,FALSE
613,316,1,,,FALSE
613,351,1,,,FALSE
613,394,1,,,FALSE
613,648,1,,,FALSE
613,84,1,,,FALSE
613,756,1,,,FALSE
563,991,1,,,FALSE
563,846,1,,,FALSE
563,205,1,,,FALSE
563,897,1,,,FALSE
563,564,1,,,FALSE
563,565,1,,,FALSE
563,566,1,,,FALSE
563,567,1,,,FALSE
563,470,1,,,FALSE
563,241,1,,,FALSE
563,1019,1,,,FALSE
563,368,1,,,FALSE
563,177,1,,,FALSE
563,176,1,,,FALSE
563,801,1,,,FALSE
611,470,1,,,FALSE
611,410,1,,,FALSE
611,767,1,,,FALSE
611,993,1,,,FALSE
616,26,1,,,FALSE
616,392,1,,,FALSE
616,159,1,,,FALSE
616,413,1,,,FALSE
616,214,1,,,FALSE
616,470,1,,,FALSE
616,67,1,,,FALSE
616,256,1,,,FALSE
616,518,1,,,FALSE
617,10,1,,,FALSE
617,889,1,,,FALSE
617,701,1,,,FALSE
617,657,1,,,FALSE
617,177,1,,,FALSE
614,973,1,,,FALSE
614,21,1,,,FALSE
614,461,1,,,FALSE
614,463,1,,,FALSE
614,656,1,,,FALSE
614,898,1,,,FALSE
614,654,1,,,FALSE
614,924,1,,,FALSE
149,72,1,,,FALSE
912,1003,1,,,FALSE
912,470,1,,,FALSE
912,997,1,,,FALSE
1006,498,1,,,FALSE
1005,180,1,,,FALSE
1005,43,1,,,FALSE
1004,470,1,,,FALSE
1004,845,1,,,FALSE
948,604,1,,,FALSE
948,470,1,,,FALSE
948,770,1,,,FALSE
949,847,1,,,FALSE
949,691,1,,,FALSE
949,1021,1,,,FALSE
949,899,1,,,FALSE
949,863,1,,,FALSE
949,454,1,,,FALSE
949,809,1,,,FALSE
949,1039,1,,,FALSE
949,499,1,,,FALSE
949,412,1,,,FALSE
949,1035,1,,,FALSE
949,491,1,,,FALSE
949,501,1,,,FALSE
946,10,1,,,FALSE
947,17,1,,,FALSE
947,897,1,,,FALSE
947,564,1,,,FALSE
947,316,1,,,FALSE
947,566,1,,,FALSE
947,565,1,,,FALSE
947,177,1,,,FALSE
944,177,1,,,FALSE
944,564,1,,,FALSE
945,11,1,,,FALSE
945,10,1,,,FALSE
945,995,1,,,FALSE
945,536,1,,,FALSE
945,316,1,,,FALSE
945,873,1,,,FALSE
945,412,1,,,FALSE
945,950,1,,,FALSE
945,177,1,,,FALSE
945,802,1,,,FALSE
945,1003,1,,,FALSE
945,1034,1,,,FALSE
945,1028,1,,,FALSE
942,692,1,,,FALSE
942,470,1,,,FALSE
942,498,1,,,FALSE
942,386,1,,,FALSE
942,574,1,,,FALSE
943,177,1,,,FALSE
943,564,1,,,FALSE
943,1003,1,,,FALSE
940,177,1,,,FALSE
940,564,1,,,FALSE
941,263,1,,,FALSE
941,59,1,,,FALSE
941,820,1,,,FALSE
689,470,1,,,FALSE
517,754,1,,,FALSE
517,482,1,,,FALSE
517,156,1,,,FALSE
685,997,1,,,FALSE
684,496,1,,,FALSE
684,448,1,,,FALSE
687,929,1,,,FALSE
687,448,1,,,FALSE
687,5,1,,,FALSE
687,325,1,,,FALSE
681,846,1,,,FALSE
681,205,1,,,FALSE
680,846,1,,,FALSE
680,415,1,,,FALSE
680,380,1,,,FALSE
680,281,1,,,FALSE
680,498,1,,,FALSE
680,177,1,,,FALSE
680,801,1,,,FALSE
680,372,1,,,FALSE
683,519,1,,,FALSE
683,21,1,,,FALSE
683,49,1,,,FALSE
683,786,1,,,FALSE
683,380,1,,,FALSE
683,415,1,,,FALSE
682,203,1,,,FALSE
682,738,1,,,FALSE
682,496,1,,,FALSE
819,765,1,,,FALSE
819,407,1,,,FALSE
819,180,1,,,FALSE
819,919,1,,,FALSE
819,1001,1,,,FALSE
819,412,1,,,FALSE
459,470,1,,,FALSE
459,794,1,,,FALSE
459,282,1,,,FALSE
133,59,1,,,FALSE
133,240,1,,,FALSE
133,178,1,,,FALSE
132,667,1,,,FALSE
132,974,1,,,FALSE
132,41,1,,,FALSE
131,41,1,,,FALSE
130,10,1,,,FALSE
130,211,1,,,FALSE
130,414,1,,,FALSE
130,41,1,,,FALSE
130,60,1,,,FALSE
130,536,1,,,FALSE
130,470,1,,,FALSE
130,1019,1,,,FALSE
130,263,1,,,FALSE
130,502,1,,,FALSE
130,248,1,,,FALSE
137,11,1,,,FALSE
137,59,1,,,FALSE
136,386,1,,,FALSE
136,211,1,,,FALSE
136,671,1,,,FALSE
136,53,1,,,FALSE
136,41,1,,,FALSE
136,120,1,,,FALSE
136,71,1,,,FALSE
135,41,1,,,FALSE
134,11,1,,,FALSE
134,10,1,,,FALSE
494,845,1,,,FALSE
494,863,1,,,FALSE
494,734,1,,,FALSE
494,412,1,,,FALSE
494,491,1,,,FALSE
495,412,1,,,FALSE
496,802,1,,,FALSE
496,621,1,,,FALSE
496,697,1,,,FALSE
496,699,1,,,FALSE
496,727,1,,,FALSE
496,738,1,,,FALSE
496,366,1,,,FALSE
496,373,1,,,FALSE
496,1000,1,,,FALSE
496,770,1,,,FALSE
138,11,1,,,FALSE
138,60,1,,,FALSE
138,585,1,,,FALSE
138,59,1,,,FALSE
138,58,1,,,FALSE
138,23,1,,,FALSE
138,41,1,,,FALSE
138,61,1,,,FALSE
138,122,1,,,FALSE
138,64,1,,,FALSE
138,84,1,,,FALSE
138,21,1,,,FALSE
490,205,1,,,FALSE
490,690,1,,,FALSE
490,798,1,,,FALSE
491,847,1,,,FALSE
491,845,1,,,FALSE
491,691,1,,,FALSE
491,450,1,,,FALSE
491,863,1,,,FALSE
491,454,1,,,FALSE
491,673,1,,,FALSE
491,499,1,,,FALSE
491,412,1,,,FALSE
491,930,1,,,FALSE
492,181,1,,,FALSE
25,11,1,,,FALSE
25,10,1,,,FALSE
26,834,1,,,FALSE
26,694,1,,,FALSE
26,43,1,,,FALSE
26,73,1,,,FALSE
26,227,1,,,FALSE
26,175,1,,,FALSE
27,151,1,,,FALSE
27,533,1,,,FALSE
27,21,1,,,FALSE
27,248,1,,,FALSE
20,11,1,,,FALSE
20,10,1,,,FALSE
20,498,1,,,FALSE
20,539,1,,,FALSE
21,216,1,,,FALSE
21,768,1,,,FALSE
21,875,1,,,FALSE
21,212,1,,,FALSE
21,213,1,,,FALSE
21,763,1,,,FALSE
21,760,1,,,FALSE
21,761,1,,,FALSE
21,660,1,,,FALSE
21,498,1,,,FALSE
21,692,1,,,FALSE
21,697,1,,,FALSE
21,23,1,,,FALSE
21,28,1,,,FALSE
21,542,1,,,FALSE
21,540,1,,,FALSE
21,546,1,,,FALSE
21,402,1,,,FALSE
21,400,1,,,FALSE
21,280,1,,,FALSE
21,285,1,,,FALSE
21,284,1,,,FALSE
21,263,1,,,FALSE
21,121,1,,,FALSE
21,261,1,,,FALSE
21,266,1,,,FALSE
21,127,1,,,FALSE
21,128,1,,,FALSE
21,765,1,,,FALSE
21,58,1,,,FALSE
21,54,1,,,FALSE
21,57,1,,,FALSE
21,52,1,,,FALSE
21,379,1,,,FALSE
21,259,1,,,FALSE
21,533,1,,,FALSE
21,828,1,,,FALSE
21,413,1,,,FALSE
21,371,1,,,FALSE
21,418,1,,,FALSE
21,419,1,,,FALSE
21,586,1,,,FALSE
21,313,1,,,FALSE
21,311,1,,,FALSE
21,88,1,,,FALSE
21,112,1,,,FALSE
21,81,1,,,FALSE
21,87,1,,,FALSE
21,84,1,,,FALSE
21,414,1,,,FALSE
21,497,1,,,FALSE
21,793,1,,,FALSE
21,808,1,,,FALSE
21,919,1,,,FALSE
21,425,1,,,FALSE
21,308,1,,,FALSE
21,309,1,,,FALSE
21,582,1,,,FALSE
21,976,1,,,FALSE
21,302,1,,,FALSE
21,303,1,,,FALSE
21,385,1,,,FALSE
21,389,1,,,FALSE
21,248,1,,,FALSE
21,924,1,,,FALSE
21,788,1,,,FALSE
21,518,1,,,FALSE
21,1002,1,,,FALSE
21,1001,1,,,FALSE
21,623,1,,,FALSE
21,621,1,,,FALSE
21,629,1,,,FALSE
21,576,1,,,FALSE
21,574,1,,,FALSE
21,62,1,,,FALSE
21,63,1,,,FALSE
21,174,1,,,FALSE
21,256,1,,,FALSE
21,656,1,,,FALSE
21,530,1,,,FALSE
21,979,1,,,FALSE
21,182,1,,,FALSE
21,180,1,,,FALSE
21,653,1,,,FALSE
21,508,1,,,FALSE
21,188,1,,,FALSE
21,632,1,,,FALSE
21,737,1,,,FALSE
21,700,1,,,FALSE
21,467,1,,,FALSE
21,758,1,,,FALSE
21,786,1,,,FALSE
21,224,1,,,FALSE
21,163,1,,,FALSE
21,10,1,,,FALSE
21,937,1,,,FALSE
21,727,1,,,FALSE
21,794,1,,,FALSE
21,883,1,,,FALSE
21,881,1,,,FALSE
21,155,1,,,FALSE
21,154,1,,,FALSE
21,156,1,,,FALSE
21,928,1,,,FALSE
21,889,1,,,FALSE
21,394,1,,,FALSE
21,609,1,,,FALSE
21,879,1,,,FALSE
21,877,1,,,FALSE
21,45,1,,,FALSE
21,43,1,,,FALSE
21,40,1,,,FALSE
21,118,1,,,FALSE
21,322,1,,,FALSE
21,321,1,,,FALSE
21,326,1,,,FALSE
21,208,1,,,FALSE
21,475,1,,,FALSE
21,77,1,,,FALSE
21,75,1,,,FALSE
21,74,1,,,FALSE
21,70,1,,,FALSE
21,471,1,,,FALSE
21,350,1,,,FALSE
21,478,1,,,FALSE
21,479,1,,,FALSE
21,359,1,,,FALSE
22,10,1,,,FALSE
22,122,1,,,FALSE
22,81,1,,,FALSE
22,40,1,,,FALSE
23,216,1,,,FALSE
23,212,1,,,FALSE
23,213,1,,,FALSE
23,760,1,,,FALSE
23,761,1,,,FALSE
23,765,1,,,FALSE
23,498,1,,,FALSE
23,692,1,,,FALSE
23,1009,1,,,FALSE
23,540,1,,,FALSE
23,402,1,,,FALSE
23,400,1,,,FALSE
23,280,1,,,FALSE
23,285,1,,,FALSE
23,261,1,,,FALSE
23,266,1,,,FALSE
23,128,1,,,FALSE
23,58,1,,,FALSE
23,54,1,,,FALSE
23,57,1,,,FALSE
23,379,1,,,FALSE
23,533,1,,,FALSE
23,530,1,,,FALSE
23,924,1,,,FALSE
23,419,1,,,FALSE
23,311,1,,,FALSE
23,700,1,,,FALSE
23,88,1,,,FALSE
23,394,1,,,FALSE
23,81,1,,,FALSE
23,118,1,,,FALSE
23,84,1,,,FALSE
23,928,1,,,FALSE
23,793,1,,,FALSE
23,919,1,,,FALSE
23,914,1,,,FALSE
23,309,1,,,FALSE
23,302,1,,,FALSE
23,303,1,,,FALSE
23,697,1,,,FALSE
23,843,1,,,FALSE
23,1002,1,,,FALSE
23,623,1,,,FALSE
23,576,1,,,FALSE
23,574,1,,,FALSE
23,62,1,,,FALSE
23,63,1,,,FALSE
23,601,1,,,FALSE
23,174,1,,,FALSE
23,256,1,,,FALSE
23,542,1,,,FALSE
23,182,1,,,FALSE
23,180,1,,,FALSE
23,181,1,,,FALSE
23,653,1,,,FALSE
23,508,1,,,FALSE
23,1032,1,,,FALSE
23,188,1,,,FALSE
23,632,1,,,FALSE
23,166,1,,,FALSE
23,167,1,,,FALSE
23,221,1,,,FALSE
23,937,1,,,FALSE
23,727,1,,,FALSE
23,883,1,,,FALSE
23,155,1,,,FALSE
23,154,1,,,FALSE
23,156,1,,,FALSE
23,609,1,,,FALSE
23,879,1,,,FALSE
23,877,1,,,FALSE
23,875,1,,,FALSE
23,40,1,,,FALSE
23,322,1,,,FALSE
23,326,1,,,FALSE
23,75,1,,,FALSE
23,74,1,,,FALSE
23,122,1,,,FALSE
23,413,1,,,FALSE
23,808,1,,,FALSE
23,1001,1,,,FALSE
23,350,1,,,FALSE
23,359,1,,,FALSE
28,890,1,,,FALSE
29,11,1,,,FALSE
29,10,1,,,FALSE
29,1021,1,,,FALSE
29,400,1,,,FALSE
29,311,1,,,FALSE
29,70,1,,,FALSE
29,69,1,,,FALSE
29,8,1,,,FALSE
29,822,1,,,FALSE
29,821,1,,,FALSE
29,539,1,,,FALSE
29,182,1,,,FALSE
820,846,1,,,FALSE
820,368,1,,,FALSE
820,733,1,,,FALSE
820,809,1,,,FALSE
820,470,1,,,FALSE
820,721,1,,,FALSE
820,734,1,,,FALSE
820,412,1,,,FALSE
820,545,1,,,FALSE
820,1032,1,,,FALSE
407,630,1,,,FALSE
407,10,1,,,FALSE
407,898,1,,,FALSE
407,985,1,,,FALSE
407,727,1,,,FALSE
407,124,1,,,FALSE
407,482,1,,,FALSE
406,263,1,,,FALSE
939,11,1,,,FALSE
939,10,1,,,FALSE
939,997,1,,,FALSE
939,1047,1,,,FALSE
939,895,1,,,FALSE
939,834,1,,,FALSE
939,727,1,,,FALSE
939,1003,1,,,FALSE
939,384,1,,,FALSE
939,972,1,,,FALSE
939,263,1,,,FALSE
939,256,1,,,FALSE
939,1034,1,,,FALSE
939,956,1,,,FALSE
404,769,1,,,FALSE
404,469,1,,,FALSE
404,697,1,,,FALSE
404,889,1,,,FALSE
404,660,1,,,FALSE
404,776,1,,,FALSE
404,738,1,,,FALSE
404,1003,1,,,FALSE
403,304,1,,,FALSE
403,703,1,,,FALSE
403,177,1,,,FALSE
402,692,1,,,FALSE
402,889,1,,,FALSE
402,74,1,,,FALSE
402,326,1,,,FALSE
401,371,1,,,FALSE
401,316,1,,,FALSE
400,58,1,,,FALSE
400,924,1,,,FALSE
933,897,1,,,FALSE
933,1003,1,,,FALSE
933,873,1,,,FALSE
933,1034,1,,,FALSE
932,10,1,,,FALSE
930,809,1,,,FALSE
930,412,1,,,FALSE
937,731,1,,,FALSE
937,769,1,,,FALSE
937,629,1,,,FALSE
937,574,1,,,FALSE
937,180,1,,,FALSE
937,794,1,,,FALSE
937,498,1,,,FALSE
937,1019,1,,,FALSE
937,1032,1,,,FALSE
937,370,1,,,FALSE
937,84,1,,,FALSE
937,697,1,,,FALSE
936,891,1,,,FALSE
936,1029,1,,,FALSE
936,564,1,,,FALSE
936,565,1,,,FALSE
936,566,1,,,FALSE
936,281,1,,,FALSE
936,405,1,,,FALSE
936,241,1,,,FALSE
936,1008,1,,,FALSE
936,177,1,,,FALSE
936,372,1,,,FALSE
936,807,1,,,FALSE
936,728,1,,,FALSE
935,10,1,,,FALSE
934,177,1,,,FALSE
934,380,1,,,FALSE
934,775,1,,,FALSE
934,502,1,,,FALSE
934,807,1,,,FALSE
628,158,1,,,FALSE
628,159,1,,,FALSE
628,757,1,,,FALSE
628,188,1,,,FALSE
379,604,1,,,FALSE
379,157,1,,,FALSE
379,158,1,,,FALSE
379,625,1,,,FALSE
379,177,1,,,FALSE
379,176,1,,,FALSE
379,797,1,,,FALSE
379,41,1,,,FALSE
379,322,1,,,FALSE
379,180,1,,,FALSE
379,5,1,,,FALSE
379,564,1,,,FALSE
379,260,1,,,FALSE
379,241,1,,,FALSE
379,126,1,,,FALSE
379,480,1,,,FALSE
379,11,1,,,FALSE
379,10,1,,,FALSE
379,59,1,,,FALSE
379,782,1,,,FALSE
379,470,1,,,FALSE
379,294,1,,,FALSE
378,59,1,,,FALSE
829,868,1,,,FALSE
829,846,1,,,FALSE
829,666,1,,,FALSE
829,177,1,,,FALSE
829,372,1,,,FALSE
828,537,1,,,FALSE
828,84,1,,,FALSE
828,58,1,,,FALSE
371,211,1,,,FALSE
371,889,1,,,FALSE
371,950,1,,,FALSE
371,1038,1,,,FALSE
371,320,1,,,FALSE
371,938,1,,,FALSE
371,545,1,,,FALSE
371,585,1,,,FALSE
371,229,1,,,FALSE
371,488,1,,,FALSE
371,726,1,,,FALSE
371,470,1,,,FALSE
371,479,1,,,FALSE
371,377,1,,,FALSE
824,567,1,,,FALSE
824,372,1,,,FALSE
824,265,1,,,FALSE
824,41,1,,,FALSE
373,11,1,,,FALSE
373,10,1,,,FALSE
373,469,1,,,FALSE
372,604,1,,,FALSE
372,158,1,,,FALSE
372,889,1,,,FALSE
372,574,1,,,FALSE
372,61,1,,,FALSE
372,177,1,,,FALSE
372,176,1,,,FALSE
372,398,1,,,FALSE
372,172,1,,,FALSE
372,84,1,,,FALSE
372,797,1,,,FALSE
372,41,1,,,FALSE
372,320,1,,,FALSE
372,938,1,,,FALSE
372,734,1,,,FALSE
372,281,1,,,FALSE
372,891,1,,,FALSE
372,585,1,,,FALSE
372,896,1,,,FALSE
372,897,1,,,FALSE
372,615,1,,,FALSE
372,241,1,,,FALSE
372,488,1,,,FALSE
372,160,1,,,FALSE
372,798,1,,,FALSE
372,480,1,,,FALSE
372,727,1,,,FALSE
372,470,1,,,FALSE
372,801,1,,,FALSE
372,1003,1,,,FALSE
372,728,1,,,FALSE
821,182,1,,,FALSE
821,923,1,,,FALSE
821,846,1,,,FALSE
821,470,1,,,FALSE
821,183,1,,,FALSE
821,180,1,,,FALSE
821,124,1,,,FALSE
821,411,1,,,FALSE
821,475,1,,,FALSE
821,654,1,,,FALSE
821,767,1,,,FALSE
821,84,1,,,FALSE
374,10,1,,,FALSE
374,62,1,,,FALSE
377,156,1,,,FALSE
377,316,1,,,FALSE
377,84,1,,,FALSE
822,604,1,,,FALSE
822,316,1,,,FALSE
822,498,1,,,FALSE
822,177,1,,,FALSE
822,176,1,,,FALSE
822,600,1,,,FALSE
822,952,1,,,FALSE
822,180,1,,,FALSE
822,255,1,,,FALSE
822,205,1,,,FALSE
822,846,1,,,FALSE
822,564,1,,,FALSE
822,565,1,,,FALSE
822,767,1,,,FALSE
822,384,1,,,FALSE
822,126,1,,,FALSE
822,11,1,,,FALSE
822,10,1,,,FALSE
822,519,1,,,FALSE
822,923,1,,,FALSE
708,10,1,,,FALSE
708,176,1,,,FALSE
709,568,1,,,FALSE
709,10,1,,,FALSE
709,585,1,,,FALSE
709,600,1,,,FALSE
709,498,1,,,FALSE
709,646,1,,,FALSE
709,623,1,,,FALSE
704,777,1,,,FALSE
704,961,1,,,FALSE
704,656,1,,,FALSE
704,657,1,,,FALSE
704,655,1,,,FALSE
704,658,1,,,FALSE
704,1046,1,,,FALSE
705,410,1,,,FALSE
707,84,1,,,FALSE
700,43,1,,,FALSE
700,414,1,,,FALSE
700,180,1,,,FALSE
700,261,1,,,FALSE
700,646,1,,,FALSE
701,215,1,,,FALSE
701,159,1,,,FALSE
701,122,1,,,FALSE
701,537,1,,,FALSE
701,62,1,,,FALSE
701,620,1,,,FALSE
702,281,1,,,FALSE
703,470,1,,,FALSE
703,206,1,,,FALSE
703,55,1,,,FALSE
703,897,1,,,FALSE
703,43,1,,,FALSE
703,307,1,,,FALSE
703,323,1,,,FALSE
703,180,1,,,FALSE
703,364,1,,,FALSE
703,174,1,,,FALSE
703,518,1,,,FALSE
703,533,1,,,FALSE
393,369,1,,,FALSE
392,263,1,,,FALSE
392,301,1,,,FALSE
392,423,1,,,FALSE
392,413,1,,,FALSE
88,11,1,,,FALSE
88,10,1,,,FALSE
88,59,1,,,FALSE
88,41,1,,,FALSE
88,61,1,,,FALSE
88,62,1,,,FALSE
88,58,1,,,FALSE
89,11,1,,,FALSE
89,10,1,,,FALSE
89,41,1,,,FALSE
397,863,1,,,FALSE
397,412,1,,,FALSE
396,263,1,,,FALSE
396,218,1,,,FALSE
396,264,1,,,FALSE
395,269,1,,,FALSE
394,540,1,,,FALSE
394,668,1,,,FALSE
394,629,1,,,FALSE
394,768,1,,,FALSE
394,574,1,,,FALSE
394,62,1,,,FALSE
394,498,1,,,FALSE
394,497,1,,,FALSE
394,993,1,,,FALSE
394,84,1,,,FALSE
394,879,1,,,FALSE
394,692,1,,,FALSE
394,731,1,,,FALSE
394,975,1,,,FALSE
394,562,1,,,FALSE
394,535,1,,,FALSE
394,542,1,,,FALSE
394,180,1,,,FALSE
394,369,1,,,FALSE
394,1032,1,,,FALSE
394,630,1,,,FALSE
394,632,1,,,FALSE
394,468,1,,,FALSE
394,773,1,,,FALSE
394,302,1,,,FALSE
394,999,1,,,FALSE
394,489,1,,,FALSE
394,127,1,,,FALSE
394,844,1,,,FALSE
394,58,1,,,FALSE
394,962,1,,,FALSE
394,860,1,,,FALSE
394,835,1,,,FALSE
394,865,1,,,FALSE
394,537,1,,,FALSE
394,518,1,,,FALSE
394,416,1,,,FALSE
394,539,1,,,FALSE
394,990,1,,,FALSE
394,825,1,,,FALSE
394,544,1,,,FALSE
82,10,1,,,FALSE
82,464,1,,,FALSE
82,413,1,,,FALSE
82,388,1,,,FALSE
181,59,1,,,FALSE
181,470,1,,,FALSE
181,357,1,,,FALSE
181,657,1,,,FALSE
181,258,1,,,FALSE
181,111,1,,,FALSE
181,634,1,,,FALSE
181,81,1,,,FALSE
80,180,1,,,FALSE
81,11,1,,,FALSE
81,10,1,,,FALSE
81,59,1,,,FALSE
81,999,1,,,FALSE
81,182,1,,,FALSE
81,657,1,,,FALSE
81,413,1,,,FALSE
81,154,1,,,FALSE
81,8,1,,,FALSE
81,155,1,,,FALSE
81,224,1,,,FALSE
81,58,1,,,FALSE
86,182,1,,,FALSE
86,43,1,,,FALSE
87,254,1,,,FALSE
87,221,1,,,FALSE
84,216,1,,,FALSE
84,769,1,,,FALSE
84,765,1,,,FALSE
84,692,1,,,FALSE
84,281,1,,,FALSE
84,990,1,,,FALSE
84,993,1,,,FALSE
84,263,1,,,FALSE
84,260,1,,,FALSE
84,660,1,,,FALSE
84,58,1,,,FALSE
84,57,1,,,FALSE
84,928,1,,,FALSE
84,415,1,,,FALSE
84,533,1,,,FALSE
84,920,1,,,FALSE
84,921,1,,,FALSE
84,319,1,,,FALSE
84,980,1,,,FALSE
84,985,1,,,FALSE
84,894,1,,,FALSE
84,118,1,,,FALSE
84,796,1,,,FALSE
84,883,1,,,FALSE
84,794,1,,,FALSE
84,773,1,,,FALSE
84,428,1,,,FALSE
84,303,1,,,FALSE
84,380,1,,,FALSE
84,248,1,,,FALSE
84,697,1,,,FALSE
84,184,1,,,FALSE
84,926,1,,,FALSE
84,511,1,,,FALSE
84,1001,1,,,FALSE
84,605,1,,,FALSE
84,451,1,,,FALSE
84,574,1,,,FALSE
84,172,1,,,FALSE
84,731,1,,,FALSE
84,979,1,,,FALSE
84,182,1,,,FALSE
84,180,1,,,FALSE
84,653,1,,,FALSE
84,650,1,,,FALSE
84,506,1,,,FALSE
84,504,1,,,FALSE
84,734,1,,,FALSE
84,630,1,,,FALSE
84,632,1,,,FALSE
84,737,1,,,FALSE
84,758,1,,,FALSE
84,566,1,,,FALSE
84,168,1,,,FALSE
84,229,1,,,FALSE
84,221,1,,,FALSE
84,163,1,,,FALSE
84,1020,1,,,FALSE
84,863,1,,,FALSE
84,724,1,,,FALSE
84,151,1,,,FALSE
84,601,1,,,FALSE
84,154,1,,,FALSE
84,156,1,,,FALSE
84,609,1,,,FALSE
84,1032,1,,,FALSE
84,356,1,,,FALSE
84,871,1,,,FALSE
84,327,1,,,FALSE
84,205,1,,,FALSE
84,207,1,,,FALSE
84,897,1,,,FALSE
84,898,1,,,FALSE
84,488,1,,,FALSE
84,879,1,,,FALSE
84,473,1,,,FALSE
84,470,1,,,FALSE
84,808,1,,,FALSE
84,351,1,,,FALSE
84,475,1,,,FALSE
84,358,1,,,FALSE
797,205,1,,,FALSE
928,306,1,,,FALSE
928,775,1,,,FALSE
795,10,1,,,FALSE
795,880,1,,,FALSE
794,883,1,,,FALSE
794,322,1,,,FALSE
794,121,1,,,FALSE
794,124,1,,,FALSE
794,1001,1,,,FALSE
794,174,1,,,FALSE
794,924,1,,,FALSE
794,58,1,,,FALSE
793,883,1,,,FALSE
793,877,1,,,FALSE
793,303,1,,,FALSE
793,1020,1,,,FALSE
792,11,1,,,FALSE
792,10,1,,,FALSE
792,769,1,,,FALSE
792,726,1,,,FALSE
791,892,1,,,FALSE
791,831,1,,,FALSE
791,924,1,,,FALSE
791,872,1,,,FALSE
791,463,1,,,FALSE
791,256,1,,,FALSE
791,1011,1,,,FALSE
791,972,1,,,FALSE
415,380,1,,,FALSE
415,846,1,,,FALSE
415,798,1,,,FALSE
415,281,1,,,FALSE
415,470,1,,,FALSE
415,177,1,,,FALSE
415,801,1,,,FALSE
415,723,1,,,FALSE
381,172,1,,,FALSE
799,10,1,,,FALSE
799,564,1,,,FALSE
799,470,1,,,FALSE
799,116,1,,,FALSE
799,177,1,,,FALSE
798,846,1,,,FALSE
798,564,1,,,FALSE
798,565,1,,,FALSE
798,566,1,,,FALSE
798,567,1,,,FALSE
798,470,1,,,FALSE
798,498,1,,,FALSE
798,489,1,,,FALSE
798,177,1,,,FALSE
798,600,1,,,FALSE
651,604,1,,,FALSE
651,180,1,,,FALSE
651,470,1,,,FALSE
651,600,1,,,FALSE
601,497,1,,,FALSE
601,692,1,,,FALSE
601,43,1,,,FALSE
601,322,1,,,FALSE
601,261,1,,,FALSE
601,74,1,,,FALSE
601,326,1,,,FALSE
601,1032,1,,,FALSE
601,370,1,,,FALSE
601,224,1,,,FALSE
610,564,1,,,FALSE
586,218,1,,,FALSE
586,58,1,,,FALSE
584,58,1,,,FALSE
584,218,1,,,FALSE
585,410,1,,,FALSE
585,668,1,,,FALSE
585,124,1,,,FALSE
585,73,1,,,FALSE
582,692,1,,,FALSE
582,889,1,,,FALSE
582,322,1,,,FALSE
582,261,1,,,FALSE
582,370,1,,,FALSE
582,58,1,,,FALSE
583,263,1,,,FALSE
583,830,1,,,FALSE
583,578,1,,,FALSE
583,626,1,,,FALSE
583,666,1,,,FALSE
583,664,1,,,FALSE
583,390,1,,,FALSE
583,532,1,,,FALSE
583,511,1,,,FALSE
583,423,1,,,FALSE
580,846,1,,,FALSE
580,780,1,,,FALSE
580,316,1,,,FALSE
580,320,1,,,FALSE
580,384,1,,,FALSE
580,1033,1,,,FALSE
976,674,1,,,FALSE
976,881,1,,,FALSE
976,410,1,,,FALSE
589,59,1,,,FALSE
245,177,1,,,FALSE
244,11,1,,,FALSE
244,10,1,,,FALSE
247,287,1,,,FALSE
247,58,1,,,FALSE
247,184,1,,,FALSE
247,185,1,,,FALSE
246,43,1,,,FALSE
241,312,1,,,FALSE
241,177,1,,,FALSE
241,176,1,,,FALSE
241,172,1,,,FALSE
241,918,1,,,FALSE
241,368,1,,,FALSE
241,281,1,,,FALSE
241,891,1,,,FALSE
241,205,1,,,FALSE
241,564,1,,,FALSE
241,307,1,,,FALSE
241,126,1,,,FALSE
241,221,1,,,FALSE
241,480,1,,,FALSE
241,59,1,,,FALSE
241,470,1,,,FALSE
243,929,1,,,FALSE
243,203,1,,,FALSE
242,10,1,,,FALSE
242,329,1,,,FALSE
242,398,1,,,FALSE
242,126,1,,,FALSE
242,177,1,,,FALSE
242,220,1,,,FALSE
615,537,1,,,FALSE
615,205,1,,,FALSE
615,846,1,,,FALSE
615,316,1,,,FALSE
615,1047,1,,,FALSE
249,10,1,,,FALSE
248,216,1,,,FALSE
248,57,1,,,FALSE
248,74,1,,,FALSE
248,128,1,,,FALSE
248,58,1,,,FALSE
253,76,1,,,FALSE
253,280,1,,,FALSE
515,59,1,,,FALSE
818,470,1,,,FALSE
924,216,1,,,FALSE
924,629,1,,,FALSE
924,662,1,,,FALSE
924,62,1,,,FALSE
924,497,1,,,FALSE
924,256,1,,,FALSE
924,322,1,,,FALSE
924,1032,1,,,FALSE
924,425,1,,,FALSE
924,561,1,,,FALSE
924,75,1,,,FALSE
924,860,1,,,FALSE
924,57,1,,,FALSE
924,535,1,,,FALSE
924,410,1,,,FALSE
924,370,1,,,FALSE
924,729,1,,,FALSE
970,58,1,,,FALSE
970,302,1,,,FALSE
970,498,1,,,FALSE
970,914,1,,,FALSE
970,174,1,,,FALSE
925,769,1,,,FALSE
925,872,1,,,FALSE
925,871,1,,,FALSE
925,428,1,,,FALSE
925,535,1,,,FALSE
519,604,1,,,FALSE
519,211,1,,,FALSE
519,313,1,,,FALSE
519,62,1,,,FALSE
519,600,1,,,FALSE
519,172,1,,,FALSE
519,254,1,,,FALSE
519,626,1,,,FALSE
519,657,1,,,FALSE
519,893,1,,,FALSE
519,205,1,,,FALSE
519,475,1,,,FALSE
519,72,1,,,FALSE
519,784,1,,,FALSE
519,470,1,,,FALSE
519,411,1,,,FALSE
519,646,1,,,FALSE
519,804,1,,,FALSE
518,15,1,,,FALSE
1009,783,1,,,FALSE
1009,564,1,,,FALSE
1009,470,1,,,FALSE
1009,565,1,,,FALSE
1009,261,1,,,FALSE
1009,177,1,,,FALSE
1008,891,1,,,FALSE
1008,600,1,,,FALSE
1008,562,1,,,FALSE
1008,470,1,,,FALSE
1008,646,1,,,FALSE
1008,281,1,,,FALSE
1008,1003,1,,,FALSE
511,10,1,,,FALSE
511,627,1,,,FALSE
511,578,1,,,FALSE
511,58,1,,,FALSE
511,156,1,,,FALSE
511,666,1,,,FALSE
511,862,1,,,FALSE
511,830,1,,,FALSE
511,919,1,,,FALSE
511,384,1,,,FALSE
511,325,1,,,FALSE
511,423,1,,,FALSE
510,159,1,,,FALSE
510,188,1,,,FALSE
510,269,1,,,FALSE
513,10,1,,,FALSE
513,303,1,,,FALSE
513,316,1,,,FALSE
512,10,1,,,FALSE
1003,600,1,,,FALSE
1003,177,1,,,FALSE
1003,873,1,,,FALSE
1003,913,1,,,FALSE
1003,891,1,,,FALSE
1003,897,1,,,FALSE
1003,562,1,,,FALSE
1003,564,1,,,FALSE
1003,281,1,,,FALSE
1003,846,1,,,FALSE
1003,410,1,,,FALSE
1002,623,1,,,FALSE
1002,57,1,,,FALSE
1002,261,1,,,FALSE
1002,322,1,,,FALSE
1002,75,1,,,FALSE
1002,370,1,,,FALSE
1002,497,1,,,FALSE
1002,425,1,,,FALSE
1001,10,1,,,FALSE
1001,58,1,,,FALSE
1001,322,1,,,FALSE
1001,75,1,,,FALSE
1001,124,1,,,FALSE
1001,919,1,,,FALSE
1001,497,1,,,FALSE
1000,769,1,,,FALSE
1000,487,1,,,FALSE
623,692,1,,,FALSE
623,57,1,,,FALSE
623,758,1,,,FALSE
623,52,1,,,FALSE
623,322,1,,,FALSE
623,1032,1,,,FALSE
623,425,1,,,FALSE
623,835,1,,,FALSE
622,505,1,,,FALSE
622,59,1,,,FALSE
622,376,1,,,FALSE
621,540,1,,,FALSE
621,498,1,,,FALSE
621,533,1,,,FALSE
621,256,1,,,FALSE
620,10,1,,,FALSE
620,159,1,,,FALSE
620,537,1,,,FALSE
620,122,1,,,FALSE
620,729,1,,,FALSE
627,830,1,,,FALSE
627,782,1,,,FALSE
627,666,1,,,FALSE
627,862,1,,,FALSE
627,574,1,,,FALSE
627,263,1,,,FALSE
627,423,1,,,FALSE
627,528,1,,,FALSE
626,664,1,,,FALSE
626,666,1,,,FALSE
625,10,1,,,FALSE
625,121,1,,,FALSE
625,260,1,,,FALSE
625,126,1,,,FALSE
625,263,1,,,FALSE
624,263,1,,,FALSE
624,316,1,,,FALSE
624,1047,1,,,FALSE
450,845,1,,,FALSE
450,691,1,,,FALSE
450,638,1,,,FALSE
450,639,1,,,FALSE
450,660,1,,,FALSE
450,470,1,,,FALSE
450,412,1,,,FALSE
450,545,1,,,FALSE
451,1020,1,,,FALSE
451,58,1,,,FALSE
451,156,1,,,FALSE
452,288,1,,,FALSE
452,998,1,,,FALSE
453,156,1,,,FALSE
454,847,1,,,FALSE
454,845,1,,,FALSE
454,469,1,,,FALSE
454,899,1,,,FALSE
454,863,1,,,FALSE
454,809,1,,,FALSE
454,1039,1,,,FALSE
454,412,1,,,FALSE
454,545,1,,,FALSE
454,1035,1,,,FALSE
454,501,1,,,FALSE
455,205,1,,,FALSE
455,313,1,,,FALSE
455,180,1,,,FALSE
455,62,1,,,FALSE
455,72,1,,,FALSE
455,172,1,,,FALSE
455,411,1,,,FALSE
456,263,1,,,FALSE
179,258,1,,,FALSE
179,470,1,,,FALSE
179,411,1,,,FALSE
179,720,1,,,FALSE
179,398,1,,,FALSE
179,500,1,,,FALSE
178,604,1,,,FALSE
178,772,1,,,FALSE
177,690,1,,,FALSE
177,281,1,,,FALSE
177,284,1,,,FALSE
177,918,1,,,FALSE
177,260,1,,,FALSE
177,414,1,,,FALSE
177,294,1,,,FALSE
177,823,1,,,FALSE
177,205,1,,,FALSE
177,837,1,,,FALSE
177,206,1,,,FALSE
177,1019,1,,,FALSE
177,367,1,,,FALSE
177,307,1,,,FALSE
177,380,1,,,FALSE
177,789,1,,,FALSE
177,258,1,,,FALSE
177,176,1,,,FALSE
177,509,1,,,FALSE
177,502,1,,,FALSE
177,1034,1,,,FALSE
177,846,1,,,FALSE
177,564,1,,,FALSE
177,565,1,,,FALSE
177,566,1,,,FALSE
177,11,1,,,FALSE
177,10,1,,,FALSE
177,968,1,,,FALSE
177,728,1,,,FALSE
177,887,1,,,FALSE
177,600,1,,,FALSE
177,889,1,,,FALSE
177,608,1,,,FALSE
177,874,1,,,FALSE
177,323,1,,,FALSE
177,328,1,,,FALSE
177,201,1,,,FALSE
177,891,1,,,FALSE
177,893,1,,,FALSE
177,894,1,,,FALSE
177,896,1,,,FALSE
177,897,1,,,FALSE
177,480,1,,,FALSE
177,1040,1,,,FALSE
177,470,1,,,FALSE
177,477,1,,,FALSE
177,475,1,,,FALSE
177,807,1,,,FALSE
176,180,1,,,FALSE
176,918,1,,,FALSE
176,368,1,,,FALSE
176,1043,1,,,FALSE
176,205,1,,,FALSE
176,565,1,,,FALSE
176,307,1,,,FALSE
176,260,1,,,FALSE
176,11,1,,,FALSE
176,10,1,,,FALSE
176,59,1,,,FALSE
176,470,1,,,FALSE
176,294,1,,,FALSE
176,419,1,,,FALSE
175,73,1,,,FALSE
175,258,1,,,FALSE
174,775,1,,,FALSE
174,318,1,,,FALSE
174,765,1,,,FALSE
174,993,1,,,FALSE
174,574,1,,,FALSE
174,258,1,,,FALSE
174,692,1,,,FALSE
174,693,1,,,FALSE
174,322,1,,,FALSE
174,919,1,,,FALSE
174,280,1,,,FALSE
174,630,1,,,FALSE
174,634,1,,,FALSE
174,773,1,,,FALSE
174,121,1,,,FALSE
174,261,1,,,FALSE
174,74,1,,,FALSE
174,914,1,,,FALSE
174,483,1,,,FALSE
174,1021,1,,,FALSE
174,58,1,,,FALSE
174,62,1,,,FALSE
174,808,1,,,FALSE
174,539,1,,,FALSE
174,436,1,,,FALSE
174,920,1,,,FALSE
173,10,1,,,FALSE
172,470,1,,,FALSE
172,897,1,,,FALSE
172,807,1,,,FALSE
172,258,1,,,FALSE
172,307,1,,,FALSE
172,414,1,,,FALSE
172,180,1,,,FALSE
172,126,1,,,FALSE
172,646,1,,,FALSE
172,502,1,,,FALSE
171,77,1,,,FALSE
171,209,1,,,FALSE
171,258,1,,,FALSE
171,311,1,,,FALSE
170,11,1,,,FALSE
170,10,1,,,FALSE
977,263,1,,,FALSE
656,869,1,,,FALSE
656,259,1,,,FALSE
656,735,1,,,FALSE
656,370,1,,,FALSE
656,1046,1,,,FALSE
975,58,1,,,FALSE
974,41,1,,,FALSE
973,769,1,,,FALSE
973,463,1,,,FALSE
972,895,1,,,FALSE
972,463,1,,,FALSE
972,971,1,,,FALSE
972,384,1,,,FALSE
971,967,1,,,FALSE
971,873,1,,,FALSE
971,913,1,,,FALSE
183,577,1,,,FALSE
183,43,1,,,FALSE
183,307,1,,,FALSE
183,76,1,,,FALSE
183,470,1,,,FALSE
183,72,1,,,FALSE
183,503,1,,,FALSE
183,426,1,,,FALSE
180,604,1,,,FALSE
180,579,1,,,FALSE
180,159,1,,,FALSE
180,889,1,,,FALSE
180,258,1,,,FALSE
180,202,1,,,FALSE
180,498,1,,,FALSE
180,692,1,,,FALSE
180,322,1,,,FALSE
180,897,1,,,FALSE
180,470,1,,,FALSE
180,118,1,,,FALSE
180,733,1,,,FALSE
180,5,1,,,FALSE
180,653,1,,,FALSE
180,1032,1,,,FALSE
180,280,1,,,FALSE
180,505,1,,,FALSE
180,734,1,,,FALSE
180,637,1,,,FALSE
180,561,1,,,FALSE
180,999,1,,,FALSE
180,380,1,,,FALSE
180,75,1,,,FALSE
180,70,1,,,FALSE
180,128,1,,,FALSE
180,869,1,,,FALSE
180,221,1,,,FALSE
180,480,1,,,FALSE
180,11,1,,,FALSE
180,10,1,,,FALSE
180,59,1,,,FALSE
180,58,1,,,FALSE
180,17,1,,,FALSE
180,783,1,,,FALSE
180,57,1,,,FALSE
180,52,1,,,FALSE
180,416,1,,,FALSE
180,471,1,,,FALSE
180,475,1,,,FALSE
180,825,1,,,FALSE
180,648,1,,,FALSE
180,294,1,,,FALSE
180,697,1,,,FALSE
979,57,1,,,FALSE
979,261,1,,,FALSE
978,448,1,,,FALSE
182,470,1,,,FALSE
182,57,1,,,FALSE
182,43,1,,,FALSE
182,62,1,,,FALSE
182,74,1,,,FALSE
182,124,1,,,FALSE
182,258,1,,,FALSE
182,503,1,,,FALSE
182,58,1,,,FALSE
657,869,1,,,FALSE
657,10,1,,,FALSE
657,1046,1,,,FALSE
657,159,1,,,FALSE
657,576,1,,,FALSE
657,62,1,,,FALSE
657,735,1,,,FALSE
657,83,1,,,FALSE
654,414,1,,,FALSE
654,467,1,,,FALSE
654,1048,1,,,FALSE
654,462,1,,,FALSE
654,540,1,,,FALSE
654,282,1,,,FALSE
654,503,1,,,FALSE
654,411,1,,,FALSE
2,63,1,,,FALSE
186,11,1,,,FALSE
186,10,1,,,FALSE
186,258,1,,,FALSE
186,59,1,,,FALSE
186,118,1,,,FALSE
653,57,1,,,FALSE
653,206,1,,,FALSE
653,261,1,,,FALSE
653,128,1,,,FALSE
184,319,1,,,FALSE
184,58,1,,,FALSE
184,629,1,,,FALSE
184,765,1,,,FALSE
184,436,1,,,FALSE
184,226,1,,,FALSE
184,287,1,,,FALSE
194,10,1,,,FALSE
652,412,1,,,FALSE
652,545,1,,,FALSE
188,58,1,,,FALSE
188,156,1,,,FALSE
188,258,1,,,FALSE
188,124,1,,,FALSE
189,11,1,,,FALSE
202,10,1,,,FALSE
202,215,1,,,FALSE
202,77,1,,,FALSE
202,121,1,,,FALSE
202,61,1,,,FALSE
202,160,1,,,FALSE
202,311,1,,,FALSE
202,114,1,,,FALSE
202,362,1,,,FALSE
202,357,1,,,FALSE
202,126,1,,,FALSE
202,127,1,,,FALSE
202,225,1,,,FALSE
202,224,1,,,FALSE
202,119,1,,,FALSE
202,363,1,,,FALSE
650,62,1,,,FALSE
650,733,1,,,FALSE
650,498,1,,,FALSE
650,58,1,,,FALSE
185,58,1,,,FALSE
185,878,1,,,FALSE
185,303,1,,,FALSE
185,304,1,,,FALSE
185,226,1,,,FALSE
185,287,1,,,FALSE
185,688,1,,,FALSE
294,205,1,,,FALSE
294,564,1,,,FALSE
294,470,1,,,FALSE
294,565,1,,,FALSE
294,480,1,,,FALSE
764,385,1,,,FALSE
11,214,1,,,FALSE
11,210,1,,,FALSE
11,665,1,,,FALSE
11,873,1,,,FALSE
11,281,1,,,FALSE
11,122,1,,,FALSE
11,260,1,,,FALSE
11,124,1,,,FALSE
11,125,1,,,FALSE
11,126,1,,,FALSE
11,59,1,,,FALSE
11,58,1,,,FALSE
11,54,1,,,FALSE
11,50,1,,,FALSE
11,53,1,,,FALSE
11,536,1,,,FALSE
11,533,1,,,FALSE
11,413,1,,,FALSE
11,112,1,,,FALSE
11,119,1,,,FALSE
11,118,1,,,FALSE
11,362,1,,,FALSE
11,309,1,,,FALSE
11,383,1,,,FALSE
11,386,1,,,FALSE
11,781,1,,,FALSE
11,60,1,,,FALSE
11,61,1,,,FALSE
11,64,1,,,FALSE
11,734,1,,,FALSE
11,751,1,,,FALSE
11,564,1,,,FALSE
11,166,1,,,FALSE
11,162,1,,,FALSE
11,10,1,,,FALSE
11,1020,1,,,FALSE
11,17,1,,,FALSE
11,19,1,,,FALSE
11,117,1,,,FALSE
11,116,1,,,FALSE
11,150,1,,,FALSE
11,156,1,,,FALSE
11,158,1,,,FALSE
11,46,1,,,FALSE
11,43,1,,,FALSE
11,40,1,,,FALSE
11,320,1,,,FALSE
11,201,1,,,FALSE
11,206,1,,,FALSE
11,76,1,,,FALSE
11,488,1,,,FALSE
11,837,1,,,FALSE
11,1040,1,,,FALSE
11,1047,1,,,FALSE
11,470,1,,,FALSE
11,476,1,,,FALSE
11,477,1,,,FALSE
10,873,1,,,FALSE
10,956,1,,,FALSE
10,166,1,,,FALSE
10,692,1,,,FALSE
10,690,1,,,FALSE
10,698,1,,,FALSE
10,288,1,,,FALSE
10,938,1,,,FALSE
10,547,1,,,FALSE
10,281,1,,,FALSE
10,220,1,,,FALSE
10,996,1,,,FALSE
10,263,1,,,FALSE
10,122,1,,,FALSE
10,260,1,,,FALSE
10,124,1,,,FALSE
10,125,1,,,FALSE
10,126,1,,,FALSE
10,127,1,,,FALSE
10,1021,1,,,FALSE
10,1020,1,,,FALSE
10,59,1,,,FALSE
10,58,1,,,FALSE
10,54,1,,,FALSE
10,56,1,,,FALSE
10,53,1,,,FALSE
10,536,1,,,FALSE
10,533,1,,,FALSE
10,413,1,,,FALSE
10,923,1,,,FALSE
10,311,1,,,FALSE
10,112,1,,,FALSE
10,119,1,,,FALSE
10,118,1,,,FALSE
10,204,1,,,FALSE
10,414,1,,,FALSE
10,919,1,,,FALSE
10,914,1,,,FALSE
10,423,1,,,FALSE
10,362,1,,,FALSE
10,363,1,,,FALSE
10,913,1,,,FALSE
10,301,1,,,FALSE
10,305,1,,,FALSE
10,380,1,,,FALSE
10,383,1,,,FALSE
10,384,1,,,FALSE
10,389,1,,,FALSE
10,784,1,,,FALSE
10,789,1,,,FALSE
10,880,1,,,FALSE
10,577,1,,,FALSE
10,631,1,,,FALSE
10,60,1,,,FALSE
10,61,1,,,FALSE
10,64,1,,,FALSE
10,545,1,,,FALSE
10,602,1,,,FALSE
10,1038,1,,,FALSE
10,737,1,,,FALSE
10,735,1,,,FALSE
10,569,1,,,FALSE
10,751,1,,,FALSE
10,509,1,,,FALSE
10,564,1,,,FALSE
10,1040,1,,,FALSE
10,225,1,,,FALSE
10,223,1,,,FALSE
10,13,1,,,FALSE
10,12,1,,,FALSE
10,15,1,,,FALSE
10,14,1,,,FALSE
10,17,1,,,FALSE
10,19,1,,,FALSE
10,18,1,,,FALSE
10,117,1,,,FALSE
10,726,1,,,FALSE
10,1011,1,,,FALSE
10,116,1,,,FALSE
10,884,1,,,FALSE
10,721,1,,,FALSE
10,728,1,,,FALSE
10,605,1,,,FALSE
10,152,1,,,FALSE
10,157,1,,,FALSE
10,156,1,,,FALSE
10,158,1,,,FALSE
10,608,1,,,FALSE
10,46,1,,,FALSE
10,950,1,,,FALSE
10,872,1,,,FALSE
10,43,1,,,FALSE
10,40,1,,,FALSE
10,41,1,,,FALSE
10,320,1,,,FALSE
10,324,1,,,FALSE
10,476,1,,,FALSE
10,329,1,,,FALSE
10,201,1,,,FALSE
10,206,1,,,FALSE
10,419,1,,,FALSE
10,76,1,,,FALSE
10,489,1,,,FALSE
10,837,1,,,FALSE
10,1047,1,,,FALSE
10,357,1,,,FALSE
10,470,1,,,FALSE
10,353,1,,,FALSE
10,474,1,,,FALSE
10,475,1,,,FALSE
10,267,1,,,FALSE
10,358,1,,,FALSE
10,266,1,,,FALSE
13,835,1,,,FALSE
14,18,1,,,FALSE
17,216,1,,,FALSE
17,692,1,,,FALSE
17,693,1,,,FALSE
17,42,1,,,FALSE
17,5,1,,,FALSE
17,1032,1,,,FALSE
17,280,1,,,FALSE
17,204,1,,,FALSE
17,897,1,,,FALSE
17,70,1,,,FALSE
17,167,1,,,FALSE
17,79,1,,,FALSE
17,783,1,,,FALSE
17,52,1,,,FALSE
17,534,1,,,FALSE
16,8,1,,,FALSE
16,500,1,,,FALSE
19,59,1,,,FALSE
18,113,1,,,FALSE
863,469,1,,,FALSE
863,412,1,,,FALSE
863,560,1,,,FALSE
863,571,1,,,FALSE
863,1032,1,,,FALSE
863,533,1,,,FALSE
863,470,1,,,FALSE
863,499,1,,,FALSE
863,438,1,,,FALSE
863,545,1,,,FALSE
863,479,1,,,FALSE
863,501,1,,,FALSE
862,263,1,,,FALSE
862,578,1,,,FALSE
865,58,1,,,FALSE
865,835,1,,,FALSE
865,498,1,,,FALSE
865,1032,1,,,FALSE
865,539,1,,,FALSE
658,869,1,,,FALSE
658,735,1,,,FALSE
658,961,1,,,FALSE
658,1046,1,,,FALSE
659,366,1,,,FALSE
659,604,1,,,FALSE
659,470,1,,,FALSE
659,600,1,,,FALSE
883,980,1,,,FALSE
883,52,1,,,FALSE
883,75,1,,,FALSE
883,1032,1,,,FALSE
882,834,1,,,FALSE
882,999,1,,,FALSE
882,498,1,,,FALSE
882,269,1,,,FALSE
880,726,1,,,FALSE
887,564,1,,,FALSE
886,58,1,,,FALSE
885,777,1,,,FALSE
885,1026,1,,,FALSE
885,841,1,,,FALSE
885,962,1,,,FALSE
889,579,1,,,FALSE
889,769,1,,,FALSE
889,600,1,,,FALSE
889,159,1,,,FALSE
889,498,1,,,FALSE
889,497,1,,,FALSE
889,756,1,,,FALSE
889,696,1,,,FALSE
889,281,1,,,FALSE
889,282,1,,,FALSE
889,568,1,,,FALSE
889,562,1,,,FALSE
889,564,1,,,FALSE
889,565,1,,,FALSE
889,566,1,,,FALSE
889,77,1,,,FALSE
889,75,1,,,FALSE
889,240,1,,,FALSE
889,648,1,,,FALSE
889,697,1,,,FALSE
889,783,1,,,FALSE
889,860,1,,,FALSE
889,410,1,,,FALSE
889,370,1,,,FALSE
889,807,1,,,FALSE
889,728,1,,,FALSE
889,729,1,,,FALSE
888,498,1,,,FALSE
756,890,1,,,FALSE
756,691,1,,,FALSE
756,463,1,,,FALSE
756,412,1,,,FALSE
809,847,1,,,FALSE
809,845,1,,,FALSE
809,899,1,,,FALSE
809,1035,1,,,FALSE
809,499,1,,,FALSE
809,412,1,,,FALSE
809,545,1,,,FALSE
809,501,1,,,FALSE
322,571,1,,,FALSE
322,498,1,,,FALSE
322,497,1,,,FALSE
322,692,1,,,FALSE
322,398,1,,,FALSE
322,542,1,,,FALSE
322,1032,1,,,FALSE
322,1036,1,,,FALSE
322,508,1,,,FALSE
322,693,1,,,FALSE
322,920,1,,,FALSE
322,74,1,,,FALSE
322,482,1,,,FALSE
322,58,1,,,FALSE
322,860,1,,,FALSE
322,835,1,,,FALSE
322,727,1,,,FALSE
322,416,1,,,FALSE
322,533,1,,,FALSE
322,825,1,,,FALSE
322,370,1,,,FALSE
322,544,1,,,FALSE
322,539,1,,,FALSE
323,205,1,,,FALSE
323,307,1,,,FALSE
320,398,1,,,FALSE
320,59,1,,,FALSE
320,603,1,,,FALSE
320,156,1,,,FALSE
320,61,1,,,FALSE
320,470,1,,,FALSE
320,469,1,,,FALSE
320,119,1,,,FALSE
321,398,1,,,FALSE
321,73,1,,,FALSE
326,692,1,,,FALSE
326,311,1,,,FALSE
326,414,1,,,FALSE
326,74,1,,,FALSE
325,469,1,,,FALSE
325,365,1,,,FALSE
329,220,1,,,FALSE
759,59,1,,,FALSE
688,58,1,,,FALSE
688,218,1,,,FALSE
200,54,1,,,FALSE
200,51,1,,,FALSE
203,802,1,,,FALSE
203,738,1,,,FALSE
776,846,1,,,FALSE
776,769,1,,,FALSE
776,697,1,,,FALSE
776,873,1,,,FALSE
776,536,1,,,FALSE
776,913,1,,,FALSE
771,263,1,,,FALSE
771,1047,1,,,FALSE
204,8,1,,,FALSE
204,398,1,,,FALSE
773,692,1,,,FALSE
773,167,1,,,FALSE
773,560,1,,,FALSE
773,429,1,,,FALSE
773,428,1,,,FALSE
773,62,1,,,FALSE
773,535,1,,,FALSE
773,8,1,,,FALSE
206,786,1,,,FALSE
206,692,1,,,FALSE
206,414,1,,,FALSE
206,533,1,,,FALSE
206,422,1,,,FALSE
206,1032,1,,,FALSE
209,126,1,,,FALSE
779,846,1,,,FALSE
77,311,1,,,FALSE
77,111,1,,,FALSE
76,772,1,,,FALSE
76,311,1,,,FALSE
76,470,1,,,FALSE
76,357,1,,,FALSE
76,531,1,,,FALSE
76,398,1,,,FALSE
75,665,1,,,FALSE
75,772,1,,,FALSE
75,806,1,,,FALSE
75,727,1,,,FALSE
75,533,1,,,FALSE
75,282,1,,,FALSE
75,221,1,,,FALSE
75,734,1,,,FALSE
74,481,1,,,FALSE
74,311,1,,,FALSE
74,498,1,,,FALSE
74,692,1,,,FALSE
74,222,1,,,FALSE
74,280,1,,,FALSE
74,467,1,,,FALSE
74,309,1,,,FALSE
74,302,1,,,FALSE
74,121,1,,,FALSE
74,261,1,,,FALSE
74,221,1,,,FALSE
74,808,1,,,FALSE
74,410,1,,,FALSE
74,370,1,,,FALSE
74,359,1,,,FALSE
73,662,1,,,FALSE
73,470,1,,,FALSE
73,481,1,,,FALSE
73,311,1,,,FALSE
73,461,1,,,FALSE
73,214,1,,,FALSE
73,357,1,,,FALSE
73,254,1,,,FALSE
73,410,1,,,FALSE
73,110,1,,,FALSE
72,484,1,,,FALSE
72,604,1,,,FALSE
72,222,1,,,FALSE
72,311,1,,,FALSE
72,772,1,,,FALSE
72,470,1,,,FALSE
72,534,1,,,FALSE
72,110,1,,,FALSE
72,280,1,,,FALSE
72,139,1,,,FALSE
71,667,1,,,FALSE
71,41,1,,,FALSE
71,53,1,,,FALSE
70,8,1,,,FALSE
655,869,1,,,FALSE
655,1046,1,,,FALSE
655,735,1,,,FALSE
567,690,1,,,FALSE
567,896,1,,,FALSE
567,963,1,,,FALSE
567,564,1,,,FALSE
567,565,1,,,FALSE
567,727,1,,,FALSE
79,43,1,,,FALSE
1042,564,1,,,FALSE
1040,564,1,,,FALSE
1047,870,1,,,FALSE
1047,384,1,,,FALSE
1047,263,1,,,FALSE
1047,728,1,,,FALSE
1047,895,1,,,FALSE
1044,41,1,,,FALSE
1048,8,1,,,FALSE
1048,422,1,,,FALSE
805,474,1,,,FALSE
805,58,1,,,FALSE
804,846,1,,,FALSE
804,646,1,,,FALSE
868,263,1,,,FALSE
868,726,1,,,FALSE
669,637,1,,,FALSE
668,58,1,,,FALSE
668,302,1,,,FALSE
668,498,1,,,FALSE
668,370,1,,,FALSE
668,539,1,,,FALSE
667,41,1,,,FALSE
666,578,1,,,FALSE
666,263,1,,,FALSE
666,919,1,,,FALSE
666,423,1,,,FALSE
665,727,1,,,FALSE
665,259,1,,,FALSE
664,263,1,,,FALSE
664,578,1,,,FALSE
663,300,1,,,FALSE
663,385,1,,,FALSE
661,564,1,,,FALSE
660,370,1,,,FALSE
660,697,1,,,FALSE
215,60,1,,,FALSE
215,470,1,,,FALSE
215,498,1,,,FALSE
215,729,1,,,FALSE
692,216,1,,,FALSE
692,156,1,,,FALSE
692,159,1,,,FALSE
692,766,1,,,FALSE
692,767,1,,,FALSE
692,498,1,,,FALSE
692,693,1,,,FALSE
692,497,1,,,FALSE
692,1032,1,,,FALSE
692,425,1,,,FALSE
692,879,1,,,FALSE
692,207,1,,,FALSE
692,302,1,,,FALSE
692,999,1,,,FALSE
692,121,1,,,FALSE
692,261,1,,,FALSE
692,802,1,,,FALSE
692,128,1,,,FALSE
692,482,1,,,FALSE
692,844,1,,,FALSE
692,58,1,,,FALSE
692,860,1,,,FALSE
692,835,1,,,FALSE
692,470,1,,,FALSE
692,533,1,,,FALSE
692,825,1,,,FALSE
692,370,1,,,FALSE
692,478,1,,,FALSE
692,538,1,,,FALSE
693,497,1,,,FALSE
693,58,1,,,FALSE
693,1036,1,,,FALSE
693,825,1,,,FALSE
693,370,1,,,FALSE
693,425,1,,,FALSE
690,205,1,,,FALSE
690,213,1,,,FALSE
690,846,1,,,FALSE
690,897,1,,,FALSE
690,380,1,,,FALSE
691,847,1,,,FALSE
691,890,1,,,FALSE
691,412,1,,,FALSE
696,470,1,,,FALSE
696,772,1,,,FALSE
697,769,1,,,FALSE
697,731,1,,,FALSE
697,302,1,,,FALSE
697,261,1,,,FALSE
697,58,1,,,FALSE
697,57,1,,,FALSE
697,370,1,,,FALSE
695,727,1,,,FALSE
695,485,1,,,FALSE
698,569,1,,,FALSE
698,536,1,,,FALSE
542,58,1,,,FALSE
542,465,1,,,FALSE
542,124,1,,,FALSE
542,256,1,,,FALSE
543,845,1,,,FALSE
543,470,1,,,FALSE
543,43,1,,,FALSE
543,255,1,,,FALSE
540,962,1,,,FALSE
540,954,1,,,FALSE
540,544,1,,,FALSE
541,724,1,,,FALSE
541,58,1,,,FALSE
546,54,1,,,FALSE
546,467,1,,,FALSE
544,58,1,,,FALSE
544,302,1,,,FALSE
544,498,1,,,FALSE
544,370,1,,,FALSE
544,539,1,,,FALSE
545,847,1,,,FALSE
545,899,1,,,FALSE
545,861,1,,,FALSE
545,1039,1,,,FALSE
545,499,1,,,FALSE
545,412,1,,,FALSE
545,118,1,,,FALSE
545,501,1,,,FALSE
8,995,1,,,FALSE
8,754,1,,,FALSE
8,485,1,,,FALSE
1019,537,1,,,FALSE
1019,896,1,,,FALSE
1019,846,1,,,FALSE
1019,629,1,,,FALSE
1019,564,1,,,FALSE
1019,41,1,,,FALSE
1019,727,1,,,FALSE
1019,646,1,,,FALSE
1019,871,1,,,FALSE
1019,897,1,,,FALSE
869,43,1,,,FALSE
869,410,1,,,FALSE
997,769,1,,,FALSE
997,895,1,,,FALSE
997,783,1,,,FALSE
997,564,1,,,FALSE
997,410,1,,,FALSE
997,487,1,,,FALSE
991,564,1,,,FALSE
991,897,1,,,FALSE
990,58,1,,,FALSE
990,218,1,,,FALSE
990,533,1,,,FALSE
993,1021,1,,,FALSE
993,58,1,,,FALSE
993,629,1,,,FALSE
993,731,1,,,FALSE
993,498,1,,,FALSE
993,919,1,,,FALSE
992,475,1,,,FALSE
992,897,1,,,FALSE
992,41,1,,,FALSE
258,311,1,,,FALSE
258,164,1,,,FALSE
258,166,1,,,FALSE
999,214,1,,,FALSE
999,834,1,,,FALSE
999,727,1,,,FALSE
999,57,1,,,FALSE
999,835,1,,,FALSE
999,261,1,,,FALSE
999,410,1,,,FALSE
999,498,1,,,FALSE
999,302,1,,,FALSE
999,729,1,,,FALSE
998,846,1,,,FALSE
998,894,1,,,FALSE
998,726,1,,,FALSE
998,288,1,,,FALSE
998,721,1,,,FALSE
120,41,1,,,FALSE
121,309,1,,,FALSE
121,224,1,,,FALSE
121,311,1,,,FALSE
121,758,1,,,FALSE
121,263,1,,,FALSE
121,266,1,,,FALSE
121,467,1,,,FALSE
122,59,1,,,FALSE
122,158,1,,,FALSE
122,785,1,,,FALSE
122,41,1,,,FALSE
122,61,1,,,FALSE
124,155,1,,,FALSE
124,609,1,,,FALSE
124,212,1,,,FALSE
124,240,1,,,FALSE
124,961,1,,,FALSE
124,357,1,,,FALSE
124,808,1,,,FALSE
124,410,1,,,FALSE
124,413,1,,,FALSE
126,311,1,,,FALSE
126,488,1,,,FALSE
126,980,1,,,FALSE
126,41,1,,,FALSE
126,281,1,,,FALSE
126,362,1,,,FALSE
126,363,1,,,FALSE
126,631,1,,,FALSE
126,463,1,,,FALSE
126,221,1,,,FALSE
126,1020,1,,,FALSE
126,59,1,,,FALSE
126,629,1,,,FALSE
126,470,1,,,FALSE
126,722,1,,,FALSE
127,309,1,,,FALSE
127,302,1,,,FALSE
127,414,1,,,FALSE
127,498,1,,,FALSE
127,467,1,,,FALSE
127,311,1,,,FALSE
128,787,1,,,FALSE
128,212,1,,,FALSE
128,311,1,,,FALSE
128,357,1,,,FALSE
128,534,1,,,FALSE
128,533,1,,,FALSE
128,224,1,,,FALSE
128,285,1,,,FALSE
129,301,1,,,FALSE
129,311,1,,,FALSE
129,870,1,,,FALSE
129,41,1,,,FALSE
129,60,1,,,FALSE
129,61,1,,,FALSE
129,919,1,,,FALSE
520,59,1,,,FALSE
520,316,1,,,FALSE
520,263,1,,,FALSE
520,83,1,,,FALSE
259,800,1,,,FALSE
259,57,1,,,FALSE
259,498,1,,,FALSE
259,530,1,,,FALSE
259,398,1,,,FALSE
528,839,1,,,FALSE
1011,410,1,,,FALSE
414,964,1,,,FALSE
414,957,1,,,FALSE
414,111,1,,,FALSE
414,269,1,,,FALSE
929,448,1,,,FALSE
929,565,1,,,FALSE
929,5,1,,,FALSE
929,802,1,,,FALSE
416,58,1,,,FALSE
416,302,1,,,FALSE
416,370,1,,,FALSE
416,311,1,,,FALSE
410,159,1,,,FALSE
410,570,1,,,FALSE
410,662,1,,,FALSE
410,60,1,,,FALSE
410,61,1,,,FALSE
410,62,1,,,FALSE
410,256,1,,,FALSE
410,836,1,,,FALSE
410,837,1,,,FALSE
410,838,1,,,FALSE
410,952,1,,,FALSE
410,630,1,,,FALSE
410,263,1,,,FALSE
410,481,1,,,FALSE
410,786,1,,,FALSE
410,780,1,,,FALSE
410,57,1,,,FALSE
410,1029,1,,,FALSE
410,470,1,,,FALSE
410,720,1,,,FALSE
411,774,1,,,FALSE
411,470,1,,,FALSE
411,503,1,,,FALSE
412,571,1,,,FALSE
412,873,1,,,FALSE
412,499,1,,,FALSE
412,1039,1,,,FALSE
412,501,1,,,FALSE
412,890,1,,,FALSE
412,899,1,,,FALSE
412,469,1,,,FALSE
412,560,1,,,FALSE
412,673,1,,,FALSE
412,1035,1,,,FALSE
412,1031,1,,,FALSE
412,482,1,,,FALSE
412,847,1,,,FALSE
412,845,1,,,FALSE
412,901,1,,,FALSE
412,470,1,,,FALSE
412,438,1,,,FALSE
412,479,1,,,FALSE
413,157,1,,,FALSE
413,156,1,,,FALSE
413,60,1,,,FALSE
413,256,1,,,FALSE
413,263,1,,,FALSE
413,59,1,,,FALSE
413,470,1,,,FALSE
413,477,1,,,FALSE
413,475,1,,,FALSE
920,58,1,,,FALSE
920,871,1,,,FALSE
498,159,1,,,FALSE
498,763,1,,,FALSE
498,311,1,,,FALSE
498,62,1,,,FALSE
498,256,1,,,FALSE
498,918,1,,,FALSE
498,914,1,,,FALSE
498,772,1,,,FALSE
498,302,1,,,FALSE
498,303,1,,,FALSE
498,1032,1,,,FALSE
498,806,1,,,FALSE
498,167,1,,,FALSE
498,844,1,,,FALSE
498,1021,1,,,FALSE
498,58,1,,,FALSE
498,860,1,,,FALSE
498,835,1,,,FALSE
498,849,1,,,FALSE
498,52,1,,,FALSE
498,357,1,,,FALSE
498,727,1,,,FALSE
498,723,1,,,FALSE
498,370,1,,,FALSE
498,648,1,,,FALSE
498,729,1,,,FALSE
922,58,1,,,FALSE
923,873,1,,,FALSE
923,575,1,,,FALSE
923,316,1,,,FALSE
923,913,1,,,FALSE
926,847,1,,,FALSE
926,950,1,,,FALSE
927,726,1,,,FALSE
318,256,1,,,FALSE
311,217,1,,,FALSE
311,153,1,,,FALSE
311,269,1,,,FALSE
311,157,1,,,FALSE
311,310,1,,,FALSE
311,43,1,,,FALSE
311,60,1,,,FALSE
311,61,1,,,FALSE
311,65,1,,,FALSE
311,139,1,,,FALSE
311,256,1,,,FALSE
311,225,1,,,FALSE
311,357,1,,,FALSE
311,224,1,,,FALSE
311,160,1,,,FALSE
311,363,1,,,FALSE
311,303,1,,,FALSE
311,222,1,,,FALSE
311,223,1,,,FALSE
311,52,1,,,FALSE
311,114,1,,,FALSE
311,539,1,,,FALSE
311,169,1,,,FALSE
310,461,1,,,FALSE
310,463,1,,,FALSE
310,222,1,,,FALSE
317,263,1,,,FALSE
317,470,1,,,FALSE
317,218,1,,,FALSE
316,605,1,,,FALSE
316,602,1,,,FALSE
316,873,1,,,FALSE
316,636,1,,,FALSE
316,355,1,,,FALSE
316,733,1,,,FALSE
316,734,1,,,FALSE
316,675,1,,,FALSE
316,502,1,,,FALSE
316,913,1,,,FALSE
316,678,1,,,FALSE
316,679,1,,,FALSE
316,637,1,,,FALSE
316,677,1,,,FALSE
316,564,1,,,FALSE
316,1024,1,,,FALSE
316,782,1,,,FALSE
316,470,1,,,FALSE
316,477,1,,,FALSE
316,479,1,,,FALSE
315,263,1,,,FALSE
315,398,1,,,FALSE
314,398,1,,,FALSE
448,1027,1,,,FALSE
448,837,1,,,FALSE
448,918,1,,,FALSE
921,914,1,,,FALSE
921,849,1,,,FALSE
139,46,1,,,FALSE
139,534,1,,,FALSE
139,222,1,,,FALSE
139,110,1,,,FALSE
832,159,1,,,FALSE
830,755,1,,,FALSE
497,570,1,,,FALSE
497,727,1,,,FALSE
497,825,1,,,FALSE
497,370,1,,,FALSE
497,1032,1,,,FALSE
836,967,1,,,FALSE
837,600,1,,,FALSE
837,755,1,,,FALSE
837,466,1,,,FALSE
837,61,1,,,FALSE
837,470,1,,,FALSE
837,384,1,,,FALSE
837,918,1,,,FALSE
837,423,1,,,FALSE
834,844,1,,,FALSE
834,910,1,,,FALSE
835,844,1,,,FALSE
835,58,1,,,FALSE
835,961,1,,,FALSE
835,860,1,,,FALSE
835,1032,1,,,FALSE
835,727,1,,,FALSE
835,539,1,,,FALSE
835,370,1,,,FALSE
835,918,1,,,FALSE
838,461,1,,,FALSE
838,263,1,,,FALSE
839,721,1,,,FALSE
725,59,1,,,FALSE
368,604,1,,,FALSE
368,205,1,,,FALSE
368,600,1,,,FALSE
368,874,1,,,FALSE
368,564,1,,,FALSE
368,470,1,,,FALSE
368,823,1,,,FALSE
368,480,1,,,FALSE
366,784,1,,,FALSE
366,604,1,,,FALSE
366,786,1,,,FALSE
366,894,1,,,FALSE
366,770,1,,,FALSE
366,772,1,,,FALSE
366,470,1,,,FALSE
366,398,1,,,FALSE
364,398,1,,,FALSE
365,802,1,,,FALSE
365,469,1,,,FALSE
362,157,1,,,FALSE
362,217,1,,,FALSE
362,114,1,,,FALSE
362,357,1,,,FALSE
362,119,1,,,FALSE
362,363,1,,,FALSE
363,357,1,,,FALSE
363,223,1,,,FALSE
363,60,1,,,FALSE
363,61,1,,,FALSE
363,169,1,,,FALSE
363,119,1,,,FALSE
363,360,1,,,FALSE
363,358,1,,,FALSE
360,357,1,,,FALSE
360,43,1,,,FALSE
360,222,1,,,FALSE
360,223,1,,,FALSE
723,59,1,,,FALSE
380,775,1,,,FALSE
380,470,1,,,FALSE
380,281,1,,,FALSE
380,801,1,,,FALSE
380,846,1,,,FALSE
380,119,1,,,FALSE
861,727,1,,,FALSE
861,919,1,,,FALSE
861,43,1,,,FALSE
382,43,1,,,FALSE
383,160,1,,,FALSE
384,61,1,,,FALSE
384,895,1,,,FALSE
384,873,1,,,FALSE
384,870,1,,,FALSE
384,468,1,,,FALSE
384,754,1,,,FALSE
384,530,1,,,FALSE
384,1033,1,,,FALSE
384,780,1,,,FALSE
384,726,1,,,FALSE
384,470,1,,,FALSE
384,721,1,,,FALSE
385,777,1,,,FALSE
385,300,1,,,FALSE
385,58,1,,,FALSE
386,579,1,,,FALSE
386,59,1,,,FALSE
386,51,1,,,FALSE
386,575,1,,,FALSE
386,470,1,,,FALSE
386,757,1,,,FALSE
389,470,1,,,FALSE
389,461,1,,,FALSE
784,600,1,,,FALSE
784,846,1,,,FALSE
784,726,1,,,FALSE
785,263,1,,,FALSE
785,256,1,,,FALSE
787,470,1,,,FALSE
787,646,1,,,FALSE
780,604,1,,,FALSE
780,631,1,,,FALSE
780,874,1,,,FALSE
780,564,1,,,FALSE
780,846,1,,,FALSE
780,726,1,,,FALSE
780,470,1,,,FALSE
780,256,1,,,FALSE
780,1033,1,,,FALSE
780,255,1,,,FALSE
781,69,1,,,FALSE
781,357,1,,,FALSE
782,846,1,,,FALSE
782,536,1,,,FALSE
782,51,1,,,FALSE
782,423,1,,,FALSE
860,58,1,,,FALSE
860,1032,1,,,FALSE
151,57,1,,,FALSE
578,790,1,,,FALSE
578,263,1,,,FALSE
604,1033,1,,,FALSE
604,1037,1,,,FALSE
604,774,1,,,FALSE
604,894,1,,,FALSE
604,770,1,,,FALSE
604,564,1,,,FALSE
604,280,1,,,FALSE
604,480,1,,,FALSE
604,846,1,,,FALSE
604,727,1,,,FALSE
604,470,1,,,FALSE
573,205,1,,,FALSE
570,214,1,,,FALSE
570,43,1,,,FALSE
570,646,1,,,FALSE
575,213,1,,,FALSE
575,301,1,,,FALSE
575,263,1,,,FALSE
574,872,1,,,FALSE
574,41,1,,,FALSE
574,428,1,,,FALSE
574,919,1,,,FALSE
574,423,1,,,FALSE
574,425,1,,,FALSE
574,750,1,,,FALSE
574,871,1,,,FALSE
574,58,1,,,FALSE
574,370,1,,,FALSE
60,150,1,,,FALSE
60,213,1,,,FALSE
60,156,1,,,FALSE
60,61,1,,,FALSE
60,256,1,,,FALSE
60,872,1,,,FALSE
60,207,1,,,FALSE
60,263,1,,,FALSE
60,267,1,,,FALSE
60,169,1,,,FALSE
60,488,1,,,FALSE
60,481,1,,,FALSE
60,114,1,,,FALSE
61,217,1,,,FALSE
61,154,1,,,FALSE
61,157,1,,,FALSE
61,114,1,,,FALSE
61,119,1,,,FALSE
61,800,1,,,FALSE
61,429,1,,,FALSE
61,952,1,,,FALSE
61,284,1,,,FALSE
61,754,1,,,FALSE
61,466,1,,,FALSE
61,225,1,,,FALSE
61,160,1,,,FALSE
61,481,1,,,FALSE
61,59,1,,,FALSE
61,62,1,,,FALSE
61,470,1,,,FALSE
61,721,1,,,FALSE
62,216,1,,,FALSE
62,155,1,,,FALSE
62,154,1,,,FALSE
62,212,1,,,FALSE
62,256,1,,,FALSE
62,662,1,,,FALSE
62,280,1,,,FALSE
62,425,1,,,FALSE
62,630,1,,,FALSE
62,632,1,,,FALSE
62,350,1,,,FALSE
62,267,1,,,FALSE
62,481,1,,,FALSE
62,58,1,,,FALSE
62,808,1,,,FALSE
63,43,1,,,FALSE
63,42,1,,,FALSE
65,55,1,,,FALSE
65,357,1,,,FALSE
66,58,1,,,FALSE
67,841,1,,,FALSE
68,51,1,,,FALSE
250,43,1,,,FALSE
256,159,1,,,FALSE
256,662,1,,,FALSE
256,956,1,,,FALSE
256,831,1,,,FALSE
256,870,1,,,FALSE
256,871,1,,,FALSE
256,919,1,,,FALSE
256,629,1,,,FALSE
256,892,1,,,FALSE
256,461,1,,,FALSE
256,481,1,,,FALSE
256,961,1,,,FALSE
256,962,1,,,FALSE
256,54,1,,,FALSE
256,470,1,,,FALSE
256,721,1,,,FALSE
256,532,1,,,FALSE
256,375,1,,,FALSE
256,729,1,,,FALSE
629,964,1,,,FALSE
629,467,1,,,FALSE
629,1032,1,,,FALSE
629,806,1,,,FALSE
600,874,1,,,FALSE
600,281,1,,,FALSE
600,774,1,,,FALSE
600,260,1,,,FALSE
600,846,1,,,FALSE
600,470,1,,,FALSE
600,823,1,,,FALSE
499,847,1,,,FALSE
499,846,1,,,FALSE
499,899,1,,,FALSE
499,673,1,,,FALSE
499,1039,1,,,FALSE
157,59,1,,,FALSE
157,217,1,,,FALSE
157,470,1,,,FALSE
157,266,1,,,FALSE
157,281,1,,,FALSE
157,225,1,,,FALSE
731,1021,1,,,FALSE
731,879,1,,,FALSE
731,156,1,,,FALSE
731,1032,1,,,FALSE
733,59,1,,,FALSE
733,895,1,,,FALSE
733,846,1,,,FALSE
733,470,1,,,FALSE
733,894,1,,,FALSE
735,83,1,,,FALSE
734,470,1,,,FALSE
734,58,1,,,FALSE
734,564,1,,,FALSE
734,673,1,,,FALSE
391,59,1,,,FALSE
509,156,1,,,FALSE
506,59,1,,,FALSE
506,156,1,,,FALSE
505,376,1,,,FALSE
502,846,1,,,FALSE
502,205,1,,,FALSE
502,896,1,,,FALSE
502,564,1,,,FALSE
502,646,1,,,FALSE
503,43,1,,,FALSE
503,732,1,,,FALSE
1034,897,1,,,FALSE
1034,565,1,,,FALSE
501,899,1,,,FALSE
501,1039,1,,,FALSE
501,1035,1,,,FALSE
630,58,1,,,FALSE
630,302,1,,,FALSE
631,761,1,,,FALSE
631,846,1,,,FALSE
632,58,1,,,FALSE
632,302,1,,,FALSE
633,470,1,,,FALSE
634,216,1,,,FALSE
634,58,1,,,FALSE
635,605,1,,,FALSE
467,808,1,,,FALSE
467,58,1,,,FALSE
461,214,1,,,FALSE
461,463,1,,,FALSE
461,421,1,,,FALSE
461,470,1,,,FALSE
461,720,1,,,FALSE
460,214,1,,,FALSE
460,255,1,,,FALSE
463,898,1,,,FALSE
463,648,1,,,FALSE
463,425,1,,,FALSE
462,421,1,,,FALSE
462,514,1,,,FALSE
169,119,1,,,FALSE
165,57,1,,,FALSE
165,58,1,,,FALSE
167,58,1,,,FALSE
167,576,1,,,FALSE
167,429,1,,,FALSE
160,59,1,,,FALSE
160,213,1,,,FALSE
160,488,1,,,FALSE
160,609,1,,,FALSE
160,41,1,,,FALSE
160,357,1,,,FALSE
160,470,1,,,FALSE
160,266,1,,,FALSE
160,281,1,,,FALSE
160,225,1,,,FALSE
161,41,1,,,FALSE
964,981,1,,,FALSE
964,806,1,,,FALSE
964,538,1,,,FALSE
967,873,1,,,FALSE
967,913,1,,,FALSE
961,43,1,,,FALSE
961,470,1,,,FALSE
962,849,1,,,FALSE
962,910,1,,,FALSE
963,896,1,,,FALSE
963,564,1,,,FALSE
963,281,1,,,FALSE
963,480,1,,,FALSE
968,470,1,,,FALSE
968,205,1,,,FALSE
968,897,1,,,FALSE
969,754,1,,,FALSE
409,263,1,,,FALSE
908,564,1,,,FALSE
909,58,1,,,FALSE
361,357,1,,,FALSE
514,421,1,,,FALSE
878,58,1,,,FALSE
878,218,1,,,FALSE
879,207,1,,,FALSE
879,564,1,,,FALSE
879,261,1,,,FALSE
876,59,1,,,FALSE
877,303,1,,,FALSE
877,52,1,,,FALSE
877,536,1,,,FALSE
874,564,1,,,FALSE
874,470,1,,,FALSE
874,770,1,,,FALSE
872,301,1,,,FALSE
872,919,1,,,FALSE
873,950,1,,,FALSE
873,846,1,,,FALSE
873,913,1,,,FALSE
870,58,1,,,FALSE
871,58,1,,,FALSE
871,919,1,,,FALSE
871,914,1,,,FALSE
891,897,1,,,FALSE
891,564,1,,,FALSE
891,565,1,,,FALSE
891,566,1,,,FALSE
891,281,1,,,FALSE
891,807,1,,,FALSE
891,728,1,,,FALSE
893,470,1,,,FALSE
894,205,1,,,FALSE
894,770,1,,,FALSE
894,564,1,,,FALSE
894,470,1,,,FALSE
894,353,1,,,FALSE
894,1033,1,,,FALSE
894,533,1,,,FALSE
895,726,1,,,FALSE
895,1029,1,,,FALSE
895,263,1,,,FALSE
896,564,1,,,FALSE
896,41,1,,,FALSE
896,281,1,,,FALSE
896,646,1,,,FALSE
896,480,1,,,FALSE
897,790,1,,,FALSE
897,1033,1,,,FALSE
897,205,1,,,FALSE
897,564,1,,,FALSE
897,565,1,,,FALSE
897,1032,1,,,FALSE
897,1024,1,,,FALSE
897,470,1,,,FALSE
897,801,1,,,FALSE
897,807,1,,,FALSE
897,728,1,,,FALSE
898,58,1,,,FALSE
898,302,1,,,FALSE
898,370,1,,,FALSE
898,1036,1,,,FALSE
899,1035,1,,,FALSE
646,205,1,,,FALSE
646,807,1,,,FALSE
646,470,1,,,FALSE
646,475,1,,,FALSE
255,214,1,,,FALSE
255,662,1,,,FALSE
255,470,1,,,FALSE
436,261,1,,,FALSE
436,58,1,,,FALSE
648,58,1,,,FALSE
648,562,1,,,FALSE
648,303,1,,,FALSE
769,846,1,,,FALSE
769,156,1,,,FALSE
769,1032,1,,,FALSE
673,672,1,,,FALSE
357,225,1,,,FALSE
357,224,1,,,FALSE
357,359,1,,,FALSE
357,358,1,,,FALSE
355,353,1,,,FALSE
808,216,1,,,FALSE
808,58,1,,,FALSE
808,159,1,,,FALSE
808,52,1,,,FALSE
351,724,1,,,FALSE
350,609,1,,,FALSE
802,1028,1,,,FALSE
801,846,1,,,FALSE
800,58,1,,,FALSE
800,41,1,,,FALSE
807,846,1,,,FALSE
807,952,1,,,FALSE
807,205,1,,,FALSE
807,564,1,,,FALSE
807,565,1,,,FALSE
807,767,1,,,FALSE
806,766,1,,,FALSE
806,576,1,,,FALSE
358,224,1,,,FALSE
216,58,1,,,FALSE
216,280,1,,,FALSE
216,425,1,,,FALSE
217,59,1,,,FALSE
217,114,1,,,FALSE
217,470,1,,,FALSE
952,59,1,,,FALSE
952,57,1,,,FALSE
213,679,1,,,FALSE
213,58,1,,,FALSE
213,156,1,,,FALSE
213,670,1,,,FALSE
213,41,1,,,FALSE
211,158,1,,,FALSE
211,41,1,,,FALSE
762,58,1,,,FALSE
761,980,1,,,FALSE
766,727,1,,,FALSE
766,729,1,,,FALSE
767,846,1,,,FALSE
767,263,1,,,FALSE
767,470,1,,,FALSE
767,919,1,,,FALSE
218,58,1,,,FALSE
218,303,1,,,FALSE
218,304,1,,,FALSE
218,263,1,,,FALSE
218,264,1,,,FALSE
218,1032,1,,,FALSE
218,226,1,,,FALSE
765,58,1,,,FALSE
765,57,1,,,FALSE
765,261,1,,,FALSE
956,263,1,,,FALSE
1033,770,1,,,FALSE
1033,564,1,,,FALSE
831,844,1,,,FALSE
289,156,1,,,FALSE
288,468,1,,,FALSE
281,205,1,,,FALSE
281,564,1,,,FALSE
281,565,1,,,FALSE
281,260,1,,,FALSE
281,480,1,,,FALSE
281,59,1,,,FALSE
281,470,1,,,FALSE
280,470,1,,,FALSE
280,775,1,,,FALSE
280,110,1,,,FALSE
282,58,1,,,FALSE
282,207,1,,,FALSE
282,156,1,,,FALSE
287,58,1,,,FALSE
286,470,1,,,FALSE
286,43,1,,,FALSE
679,390,1,,,FALSE
676,470,1,,,FALSE
670,156,1,,,FALSE
671,41,1,,,FALSE
672,470,1,,,FALSE
672,564,1,,,FALSE
263,428,1,,,FALSE
263,919,1,,,FALSE
263,465,1,,,FALSE
263,264,1,,,FALSE
263,226,1,,,FALSE
263,481,1,,,FALSE
263,59,1,,,FALSE
263,58,1,,,FALSE
263,790,1,,,FALSE
263,726,1,,,FALSE
263,536,1,,,FALSE
262,41,1,,,FALSE
261,57,1,,,FALSE
261,533,1,,,FALSE
261,425,1,,,FALSE
260,207,1,,,FALSE
260,564,1,,,FALSE
260,470,1,,,FALSE
260,221,1,,,FALSE
260,480,1,,,FALSE
266,470,1,,,FALSE
266,919,1,,,FALSE
266,398,1,,,FALSE
265,41,1,,,FALSE
264,226,1,,,FALSE
269,844,1,,,FALSE
269,849,1,,,FALSE
269,722,1,,,FALSE
59,154,1,,,FALSE
59,156,1,,,FALSE
59,158,1,,,FALSE
59,114,1,,,FALSE
59,390,1,,,FALSE
59,119,1,,,FALSE
59,118,1,,,FALSE
59,536,1,,,FALSE
59,429,1,,,FALSE
59,754,1,,,FALSE
59,305,1,,,FALSE
59,488,1,,,FALSE
59,1020,1,,,FALSE
59,470,1,,,FALSE
59,476,1,,,FALSE
59,376,1,,,FALSE
58,535,1,,,FALSE
58,533,1,,,FALSE
58,370,1,,,FALSE
58,539,1,,,FALSE
58,538,1,,,FALSE
58,428,1,,,FALSE
58,919,1,,,FALSE
58,303,1,,,FALSE
58,300,1,,,FALSE
58,302,1,,,FALSE
58,304,1,,,FALSE
58,843,1,,,FALSE
58,842,1,,,FALSE
58,840,1,,,FALSE
58,848,1,,,FALSE
58,1032,1,,,FALSE
58,750,1,,,FALSE
58,562,1,,,FALSE
58,758,1,,,FALSE
58,226,1,,,FALSE
58,155,1,,,FALSE
58,154,1,,,FALSE
58,158,1,,,FALSE
58,955,1,,,FALSE
58,483,1,,,FALSE
58,474,1,,,FALSE
57,156,1,,,FALSE
57,508,1,,,FALSE
57,471,1,,,FALSE
57,533,1,,,FALSE
51,470,1,,,FALSE
51,83,1,,,FALSE
52,772,1,,,FALSE
52,470,1,,,FALSE
52,5,1,,,FALSE
52,508,1,,,FALSE
52,1032,1,,,FALSE
537,159,1,,,FALSE
537,301,1,,,FALSE
537,41,1,,,FALSE
536,1020,1,,,FALSE
536,569,1,,,FALSE
536,950,1,,,FALSE
533,156,1,,,FALSE
533,1032,1,,,FALSE
533,207,1,,,FALSE
533,470,1,,,FALSE
533,376,1,,,FALSE
531,43,1,,,FALSE
530,428,1,,,FALSE
530,425,1,,,FALSE
539,302,1,,,FALSE
539,370,1,,,FALSE
775,846,1,,,FALSE
775,477,1,,,FALSE
775,480,1,,,FALSE
989,564,1,,,FALSE
774,564,1,,,FALSE
774,470,1,,,FALSE
982,470,1,,,FALSE
983,841,1,,,FALSE
980,41,1,,,FALSE
981,841,1,,,FALSE
114,225,1,,,FALSE
110,470,1,,,FALSE
205,398,1,,,FALSE
205,1037,1,,,FALSE
205,564,1,,,FALSE
205,480,1,,,FALSE
205,846,1,,,FALSE
205,470,1,,,FALSE
119,225,1,,,FALSE
118,470,1,,,FALSE
770,846,1,,,FALSE
770,564,1,,,FALSE
770,470,1,,,FALSE
770,721,1,,,FALSE
207,156,1,,,FALSE
207,470,1,,,FALSE
207,41,1,,,FALSE
207,488,1,,,FALSE
207,1032,1,,,FALSE
772,423,1,,,FALSE
429,1032,1,,,FALSE
918,564,1,,,FALSE
918,565,1,,,FALSE
918,423,1,,,FALSE
918,398,1,,,FALSE
918,728,1,,,FALSE
914,302,1,,,FALSE
423,390,1,,,FALSE
423,470,1,,,FALSE
422,5,1,,,FALSE
425,1036,1,,,FALSE
425,825,1,,,FALSE
425,370,1,,,FALSE
425,482,1,,,FALSE
910,841,1,,,FALSE
426,43,1,,,FALSE
300,465,1,,,FALSE
301,41,1,,,FALSE
301,722,1,,,FALSE
302,1032,1,,,FALSE
302,370,1,,,FALSE
306,41,1,,,FALSE
307,43,1,,,FALSE
307,470,1,,,FALSE
307,240,1,,,FALSE
307,228,1,,,FALSE
825,470,1,,,FALSE
825,370,1,,,FALSE
370,398,1,,,FALSE
370,1032,1,,,FALSE
370,562,1,,,FALSE
370,560,1,,,FALSE
370,844,1,,,FALSE
370,727,1,,,FALSE
827,477,1,,,FALSE
827,41,1,,,FALSE
847,950,1,,,FALSE
847,1039,1,,,FALSE
847,1035,1,,,FALSE
846,662,1,,,FALSE
846,790,1,,,FALSE
846,1032,1,,,FALSE
846,754,1,,,FALSE
846,564,1,,,FALSE
846,565,1,,,FALSE
846,566,1,,,FALSE
846,1021,1,,,FALSE
846,726,1,,,FALSE
846,470,1,,,FALSE
846,479,1,,,FALSE
846,728,1,,,FALSE
823,564,1,,,FALSE
823,565,1,,,FALSE
823,470,1,,,FALSE
240,470,1,,,FALSE
568,43,1,,,FALSE
757,159,1,,,FALSE
757,158,1,,,FALSE
757,41,1,,,FALSE
754,390,1,,,FALSE
560,727,1,,,FALSE
561,727,1,,,FALSE
758,464,1,,,FALSE
758,564,1,,,FALSE
564,1024,1,,,FALSE
564,565,1,,,FALSE
564,566,1,,,FALSE
564,480,1,,,FALSE
564,727,1,,,FALSE
565,41,1,,,FALSE
565,727,1,,,FALSE
565,470,1,,,FALSE
566,727,1,,,FALSE
987,470,1,,,FALSE
1032,470,1,,,FALSE
228,43,1,,,FALSE
227,221,1,,,FALSE
225,224,1,,,FALSE
1025,470,1,,,FALSE
1023,41,1,,,FALSE
1036,470,1,,,FALSE
1029,790,1,,,FALSE
390,156,1,,,FALSE
390,479,1,,,FALSE
390,470,1,,,FALSE
390,398,1,,,FALSE
722,41,1,,,FALSE
500,159,1,,,FALSE
720,470,1,,,FALSE
720,152,1,,,FALSE
729,159,1,,,FALSE
603,156,1,,,FALSE
156,41,1,,,FALSE
156,475,1,,,FALSE
156,488,1,,,FALSE
156,470,1,,,FALSE
159,481,1,,,FALSE
158,470,1,,,FALSE
158,41,1,,,FALSE
158,480,1,,,FALSE
43,5,1,,,FALSE
43,470,1,,,FALSE
43,475,1,,,FALSE
41,488,1,,,FALSE
41,480,1,,,FALSE
41,470,1,,,FALSE
41,477,1,,,FALSE
486,478,1,,,FALSE
